paper_id,paper_title,authors,journal,year,doi,sio2,cao,al2o3,fe2o3,mgo,so3,na2o,k2o,loi,amorphous_pct,d10,d50,d90,mean_particle_um,specific_surface,bet_surface,blaine,water_absorption,specific_gravity,bulk_density,wb_ratio,thermal_temp_c,thermal_duration,grind_duration,grind_speed,pozzolanic_reactivity,activation_method,processing_method,mineralogy,material_family,reported_optimum_pct,empirical_optimum_pct,n_measurements,aggregate_replacement_suspect,in_scope
0,Mechanical behaviour of concrete made with fine recycled concrete aggregates,"L. Evangelista, J. de Brito",Cement & Concrete Composites,2007,10.1016/j.cemconcomp.2006.12.004,,,,,,,,,,,,,,,,,,13.1,,1234.0,,,,,,,,crushing,other,fines,,10.0,21,True,True
1,Durability performance of concrete made with fine recycled concrete aggregates,"L. Evangelista, J. de Brito",Cement & Concrete Composites,2010,10.1016/j.cemconcomp.2009.09.005,,,,,,,,,,,,,,,,,,13.1,,1234.0,0.44,,,,,,,crushing,,fines,,,0,False,False
2,Evaluating and Optimizing Recycled Concrete Fines in PCC Mixtures Containing Supplementary Cementitious Materials,"Elyse M. Hanson, Nicholas J. Connolly and Donald J. Janssen",,2010,,,,,,,,,,,,,,,,,,,,,,0.42,,,,,,,thermal,,fines,5.0,,8,False,True
3,Utilization of waste concrete powder as a substitution material for cement,"Yong Jic Kim, Yun Wang Choi",Construction and Building Materials,2012,10.1016/j.conbuildmat.2011.11.042,58.55,11.82,10.35,4.64,1.52,0.44,,,,,,67.25,,67.25,,,1500.0,,2.3625,,0.55,,,,,0.0,,combined,portlandite,powder,15.0,,0,False,True
4,A study on development of recycled cement made from waste cementitious powder,"Eunhee Kwon, Jaecheol Ahn, Bongsuk Cho, Dongcheon Park",Construction and Building Materials,2015,http://dx.doi.org/10.1016/j.conbuildmat.2015.02.086,33.43,32.17,18.7,16.72,,,,,,,,,,52.5,,,,,,,0.5,1337.5,1.0,,,,thermal,,,powder,,,4,False,True
5,Reuse of recycled crushed concrete fines as mineral addition in cementitious materials,"L. Oksri-Nelfia, P-Y. Mahieux, O. Amiri, Ph. Turcry, J. Lux",Materials and Structures,2016,10.1617/s11527-015-0716-1,,,,,,,,,,,,8.8,,,,,,,,,0.6699999999999999,,,,,0.0,,crushing,mixed,fines,25.0,0.0,16,False,True
6,Influence of fine recycled concrete aggregates on the properties of mortars,"Zengfeng Zhao, Sébastien Remond, Denis Damidot, Weiya Xu",Construction and Building Materials,2015,http://dx.doi.org/10.1016/j.conbuildmat.2015.02.037,,,,,,,,,,,,,,,,,,7.54,,2540.0,,,,,,,,crushing,,fines,,,24,True,True
7,PROPERTIES AND MICROSTRUCTURE OF CEMENT PASTE INCLUDING RECYCLED CONCRETE POWDER,"JAROSLAV TOPIČ, ZDENĚK PROŠEK",Acta Polytechnica,2017,10.14311/AP.2017.57.0049,,,,,,,,,,,,12.0,,12.0,412.0,,412.0,,,,0.3576,,,,,,mechanical,milling,,powder,10.0,,6,False,True
8,Influence of increasing amount of recycled concrete powder on mechanical properties of cement paste,"Jaroslav Topič, Zdeněk Prošek, Tomáš Plachý",IOP Conference Series: Materials Science and Engineering,2017,10.1088/1757-899X/236/1/012094,,,,,,,,,,,,,,,,,,,,,0.375,,,,,,mechanical,milling,,powder,25.0,,6,False,True
9,Recycled cement,"Junjie Wang, Mulan Mu, Yongliang Liu",Construction and Building Materials,2018,https://doi.org/10.1016/j.conbuildmat.2018.09.181,,3.5,,,,,,,9.666666666666666,,,,,,,,,,,,0.55,617.5,8.0,,,,thermal,combined,calcite,other,,6.0,36,False,True
10,Mechanical properties of concrete mixed with recycled powder produced from construction and demolition waste,"Jianzhuang Xiao, Zhiming Ma, Tongbo Sui, Ali Akbarnezhad, Zhenhua Duan",Journal of Cleaner Production,2018,https://doi.org/10.1016/j.jclepro.2018.03.277,43.0,15.5,11.5,5.0,2.0,,,,,,,9.06,,6.536666666666666,639.6,,,,,,0.45,,,,,2.0,,combined,,powder,22.5,,10,False,True
11,The Properties of Composites with Recycled Cement Mortar Used as a Supplementary Cementitious Material,"Katarzyna Kalinowska-Wichrowska, Marta Kosior-Kazberuk, Edyta Pawluczuk",Materials,2019,10.3390/ma13010064,,,,,,,,,31.25,,,250.0,2000.0,,,,,,2.66,,0.5,500.0,43.333333333333336,15.0,,2.0,multiple,combined,mixed,other,25.0,0.0,13,False,True
12,Construction and demolition waste as partial cement replacement,"Sabina Rocha, Joana Sousa-Coutinho",Advances in Cement Research,2019,https://doi.org/10.1680/jadcr.16.00132,69.75,9.62,6.92,2.6,0.51,0.53,0.67,2.42,6.94,,1.06,5.94,29.39,10.77,,,,,2.62,,0.5,,,,,2.0,,crushing,,cdw,5.0,5.0,13,False,True
13,Rheological and Mechanical Properties of Ultra-High-Performance Concrete Containing Fine Recycled Concrete Aggregates,"Lanzhen Yu, Lili Huang and Hui Ding",Materials,2019,10.3390/ma12223717,,,,,,,,,,,,,,,,,,6.24,2.61,,0.18,,,,,,,crushing,,fines,,,7,True,True
14,Investigation of recycled powder as supplementary cementitious material,"Peng Zhu, XinQi Mao, Wenjun Qu",Magazine of Concrete Research,2019,https://doi.org/10.1680/jmacr.18.00513,46.9,19.3,11.7,5.62,2.17,1.49,0.84,2.3,5.9,,,14.5,,,817.0,,,,2.6,,0.5,,,,,2.0,chemical,combined,,powder,,0.0,3,False,True
15,Thermal Performance of Concrete with Recycled Concrete Powder as Partial Cement Replacement and Recycled CDW Aggregate,"Blas Cantero, Miguel Bravo, Jorge de Brito, Isabel Fuencisla Sáez del Bosque, César Medina",Applied Sciences,2020,10.3390/app10134540,46.1,40.0,,,,,,,,,,,,,,,,,,2540.0,0.595,,,,,,,combined,,other,,,6,False,True
16,Mechanical behaviour of structural concrete with ground recycled concrete cement and mixed recycled aggregate,"B. Cantero, M. Bravo, J. de Brito, I.F. Saez del Bosque, C. Medina",Journal of Cleaner Production,2020,10.1016/j.jclepro.2020.122913,46.1,40.0,3.8,1.5,0.5,0.4,0.3,1.2,6.2,,,,,,,,,,2.54,,0.595,,,2.0,60.0,,,combined,,other,10.0,,6,False,True
17,Mortars with thermo activated recycled cement: Fresh and mechanical characterisation,"Ana Carriço, Sofia Real, José Alexandre Bogas, Manuel Francisco Costa Pereira",Construction and Building Materials,2020,https://doi.org/10.1016/j.conbuildmat.2020.119502,,16.04,,,,,,,,,,,,85.0,,,,,,755.3333333333334,0.6288888888888889,650.0,5.0,,,,thermal,combined,other,other,35.0,20.0,39,False,True
18,Strength enhancement of artificial aggregate prepared with waste concrete powder and its impact on concrete properties,"Yi Jiang, Tung-Chai Ling, Minjiao Shi",Journal of Cleaner Production,2020,https://doi.org/10.1016/j.jclepro.2020.120515,51.8,22.8,13.6,5.6,1.4,0.8,,2.6,,,1.8,22.4,158.9,22.4,,3550.0,,,,,,,,,,0.0,multiple,other,,powder,,,0,False,False
19,Use of concrete fine fraction waste as a replacement of Portland cement,"Thays C.F. Oliveira, Bianca G.S. Dezen, Edna Possan",Journal of Cleaner Production,2020,https://doi.org/10.1016/j.jclepro.2020.123126,20.4375,12.2875,5.925,7.987500000000001,2.6875,1.75,2.1375,1.8375,5.075,,,,,24.18625,,,2500.0,,2.77,2341.428571428572,0.515,,,,,0.0,,other,,other,25.0,0.0,19,False,True
20,"Surface characterization of carbonated recycled concrete fines and its effect on the rheology, hydration and strength development of cement paste","Xiaowei Ouyang, Liquan Wang, Shida Xu, Yuwei Ma, Guang Ye",Cement and Concrete Composites,2020,10.1016/j.cemconcomp.2020.103809,,,,,,,,,,,,38.82,,,710.0,,,,,,0.4,,,,,1.0,carbonation,milling,calcite,paste,,,0,False,True
21,Study on Properties of Waste Concrete Powder by Thermal Treatment and Application in Mortar,"Yuwu Sui, Chuping Ou, Shu Liu, Jinshuai Zhang and Qingbo Tian",Applied Sciences,2020,10.3390/app10030998,20.5,56.75,8.42,3.99,3.84,3.49,0.49,1.08,1.04,,,,330.2325,15.42,,,,,,,0.5,540.0,3.0,,,,thermal,combined,,powder,30.0,0.0,26,False,True
22,The utilization of eco-friendly recycled powder from concrete and brick waste in new concrete: A critical review,"Qin Tang, Zhiming Ma, Huixia Wu, Wan Wang",Cement and Concrete Composites,2020,https://doi.org/10.1016/j.cemconcomp.2020.103807,50.0,25.0,8.5,5.5,,,,,,,,29.55529411764706,,9.06,527.22,,,,,,0.43625,675.0,45.0,56.333333333333336,,2.0,multiple,combined,other,powder,30.0,,26,False,True
23,Wet-milling disposal of autoclaved aerated concrete demolition waste - A comparison with classical supplementary cementitious materials,"Jin Yang, Linghao Zeng, Zechun Su, Xingyang He, Ying Su, Rixu Zhao, Xiangchen Gan",Advanced Powder Technology,2020,https://doi.org/10.1016/j.apt.2020.07.016,36.1,22.5,18.4,3.1500000000000004,1.75,1.35,,,13.8,,7.343500000000001,72.165,444.8,,1750.0,,,,,,0.35,,,120.0,,1.0,mechanical,combined,mixed,aac,,30.0,8,False,True
24,"Utilization of Recycled Concrete Powder in Cement Composite: Strength, Microstructure and Hydration Characteristics","Xi Chen, Ying Li, Hualei Bai, Liyuan Ma",Journal of Renewable Materials,2021,10.32604/jrm.2021.015394,27.8,29.1,6.7,2.73,4.49,1.11,0.56,1.09,,,,,,,467.0,,,,,856.0,0.475,,,,,,,combined,,powder,9.0,0.0,22,False,True
25,A novel upcycling technique of recycled cement paste powder by a two-step carbonation process,"Xiaoliang Fang, Dongxing Xuan, Baojian Zhan, Weifeng Li, Chi Sun Poon",Journal of Cleaner Production,2021,https://doi.org/10.1016/j.jclepro.2020.125192,21.3,64.1,5.63,3.22,1.15,3.54,,0.56,,,,16.6,65.2,,,,,,,,,,,,,,carbonation,combined,,paste,,,0,False,True
26,Investigation of using recycled powder from the preparation of recycled aggregate as a supplementary cementitious material,"Shujun Li, Jianming Gao, Qiuyi Li, Xiaolong Zhao",Construction and Building Materials,2021,https://doi.org/10.1016/j.conbuildmat.2020.120976,50.93,18.18,13.55,6.37,2.73,0.92,,3.5,11.32,,,,,,,2687.5,637.75,,,,0.5,,,,,0.0,,milling,,powder,,0.0,10,False,True
27,Comparison of technical properties of cement pastes with different activated recycled powder from construction and demolition waste,"Tao Meng, Yongpeng Hong, Kanjun Ying, Zhongjia Wang",Cement and Concrete Composites,2021,https://doi.org/10.1016/j.cemconcomp.2021.104065,65.26,4.48,11.05,3.18,1.34,,0.22,1.87,7.21,,,,,61.7744,,,,,,,0.3,,,30.0,,2.0,none,milling,,powder,,0.0,9,False,True
28,Use of fine recycled concrete aggregates in concrete: A critical review,"Marija Nedeljković, Jeanette Visser, Branko Šavija, Siska Valcke, Erik Schlangen",Journal of Building Engineering,2021,10.1016/j.jobe.2021.102196,56.0,15.442857142857145,8.379999999999999,2.4333333333333336,,0.624,1.32,,13.75,,,,,,6400.0,,,,,,0.52,,,,,0.0,multiple,combined,mixed,fines,,,27,True,True
29,Environmental perspectives of recycled concrete powder as cement replacement,Jan Pešta; Michal Ženíšek; Vladimír Kočí; Tereza Pavlů,AIP Conference Proceedings (AIP Conf. Proc.),2021,https://doi.org/10.1063/5.0042093,,,,,,,,,11.9,,3.5,19.0,65.0,22.0,,,230.0,,,,,,,,,,,crushing,,powder,10.0,,6,False,True
30,Utilizing thermal activation treatment to improve the properties of waste cementitious powder and its newmade cementitious materials,"Huixia Wu, Jianguang Xu, Dingyi Yang, Zhiming Ma",Journal of Cleaner Production,2021,https://doi.org/10.1016/j.jclepro.2021.129074,,,,,,,,,13.683333333333335,,,25.0,,,,,,,,,0.5,900.0,2.0,,,,thermal,crushing,,powder,,,30,False,True
31,CO2 mineralization of demolished concrete wastes into a supplementary cementitious material – a new CCU approach for the cement industry,"Maciej Zajac, Jan Skocek, Jørgen Skibsted, Mohsen Ben Haha",RILEM Technical Letters,2021,https://doi.org/10.21809/rilemtechlett.2021.141,,,,,,,,,,,,,,,150.0,,,,,,,,,,,1.0,carbonation,combined,mixed,paste,,40.0,11,False,True
32,Evaluation of waste concrete recycled powder (WCRP) on the preparation of low-exothermic cement,"Xi Chen, Ying Li, Zheyu Zhu, Liyuan Ma",Journal of Building Engineering,2022,https://doi.org/10.1016/j.jobe.2022.104511,27.8,29.1,6.7,2.73,4.49,1.11,,,,,,,,42.6,467.0,,,,,856.0,0.45,,,30.0,,2.0,mechanical,combined,mixed,powder,15.0,,13,False,True
33,Developing circular concrete: Acid treatment of waste concrete fines,"Tiejun Ding, Hong Wong, Xiuchen Qiao, Christopher Cheeseman",Journal of Cleaner Production,2022,https://doi.org/10.1016/j.jclepro.2022.132615,58.79,3.28,18.37,6.07,,,,,10.9,55.1,,,,,,,,,,,,,,,,1.0,,other,,fines,,,0,False,True
34,Role of recycled concrete powder as sand replacement in the properties of cement mortar,"Yuan Jiang, Bo Li, Shu Liu, Jun He, Alvaro Garcia Hernandez",Journal of Cleaner Production,2022,https://doi.org/10.1016/j.jclepro.2022.133424,,,,,,,,,,,,20.0515,,,,,,,2.724,,,,,,,1.0,,combined,,paste,,,0,False,True
35,Closed-loop recycling of C&D waste: Mechanical properties of concrete with the repeatedly recycled C&D powder as partial cement replacement,"Jeonghyun Kim, Haneol Jang",Journal Cleaner Production,2022,https://doi.org/10.1016/j.jclepro.2022.130977,,,,,,,,,,,,,,,,,,,,,0.45,,,,,,,combined,,powder,20.0,,18,False,True
36,"Recycled concrete fine powder (RFP) as cement partial replacement: Influences on the physical properties, hydration characteristics, and microstructure of blended cement","Zhong Li, Yadong Bian, Jihui Zhao, Yiren Wang, Zhenxia Yuan",Journal of Building Engineering,2022,https://doi.org/10.1016/j.jobe.2022.105326,60.3,17.4,10.4,3.0,3.4,0.7,2.1,,,,,22.7,,22.7,,,,,,,0.5,,,60.0,,1.0,mechanical,combined,mixed,powder,10.0,,12,False,True
37,Effect of Recycled Mixed Powder on the Mechanical Properties and Microstructure of Concrete,"Chao Liu, Huawei Liu and Jian Wu",Journal of Renewable Materials,2022,10.32604/jrm.2022.018386,46.835,22.25,12.66,5.654999999999999,1.665,0.29,,2.14,,,,17.854999999999997,,27.94,,,440.5,,2.59,,,,,20.0,,1.0,mechanical,combined,,powder,15.0,0.0,20,False,True
38,Economical and eco-friendly masonry mortar containing waste concrete powder as a supplementary cementitious material,"Eric A. Ohemeng, Stephen O. Ekolu, Harry Quainoo, Abdolhossein Naghizadeh",Case Studies in Construction Materials,2022,https://doi.org/10.1016/j.cscm.2022.e01527,34.82,24.48,8.52,6.99,3.19,0.21,1.66,0.81,17.89,,,,,,,,,,2.61,,0.6,,,,,,,combined,,powder,57.5,,7,False,True
39,Eco-friendly treatment of recycled concrete fines as supplementary cementitious materials,"Liang Wang, Jialai Wang, Hao Wang, Yi Fang, Wenfeng Shen, Peiyuan Chen, Ying Xu",Construction and Building Materials,2022,10.1016/j.conbuildmat.2022.126491,33.4,44.9,8.4,1.0,5.4,,,1.7,,,,5.0,,,,,,,,,0.5,,,,,1.0,chemical,crushing,,fines,12.5,0.0,4,False,True
40,High-temperature CO2 for accelerating the carbonation of recycled concrete fines,"Yuqing Wu, Hamideh Mehdizadeh, Kim Hung Mo, Tung-Chai Ling",Journal of Building Engineering,2022,https://doi.org/10.1016/j.jobe.2022.104526,19.63,64.52,5.43,3.21,2.15,2.84,0.52,0.58,,,,,,150.0,23038.666666666668,23038.666666666668,,,,,0.4,100.0,30.0,,,1.0,carbonation,crushing,mixed,fines,20.0,,0,False,True
41,Early-age behavior and mechanical properties of cement-based materials with various types and fineness of recycled powder,"Huixia Wu, Chaofeng Liang, Jianzhuang Xiao, Jianguang Xu, Zhiming Ma",Structural Concrete,2022,10.1002/suco.202000834,41.0,46.333333333333336,4.0,2.6666666666666665,3.6666666666666665,,,,,,,50.36666666666666,,,,,,,,,0.5,,,,,1.0,,combined,mixed,paste,7.5,,0,False,True
42,Influence of recycled powder derived from waste concrete on mechanical and thermal properties of foam concrete,"Jianzhuang Xiao, Lucen Hao, Wanzhi Cao, Taohua Ye",Journal of Building Engineering,2022,https://doi.org/10.1016/j.jobe.2022.105203,57.02,21.32,10.93,3.45,2.54,1.17,,,,,,75.0,,86.4,,,,,,,0.6,,,,,1.0,,other,,powder,30.0,0.0,20,False,True
43,Effects of recycled aggregate combinations and recycled powder contents on fracture behavior of fully recycled aggregate concrete,"Jianzhuang Xiao, Yuxiang Tang, Hongniao Chen, Hanghua Zhang, Bing Xia",Journal of Cleaner Production,2022,https://doi.org/10.1016/j.jclepro.2022.132895,57.01,21.3,10.93,3.45,1.82,1.17,1.58,2.22,,,,,,,,,,,,,0.45,,,30.0,,,mechanical,combined,,powder,10.0,,14,False,True
44,Influence of fine recycled concrete aggregates use on the hydration kinetics and mechanical-microstructural properties of hydrated cement: Experimental and numerical approaches,"Yassine Abriak, Duc Chinh Chu, Walid Maherzi, Mahfoud Benzerzour, Patrice Rivard",Construction and Building Materials,2023,10.1016/j.conbuildmat.2023.133769,17.08,11.39,1.89,0.57,0.53,0.4,,0.22,67.58,,1.78,14.2,44.7,,,,,12.033333333333331,2.33,,0.415,,,,,0.0,,combined,,fines,10.0,10.0,18,False,True
45,The utilization of recycled concrete powder as supplementary cementitious material in cement-based materials: A systematic literature review,"Joaquin Humberto Aquino Rocha, Romildo Dias Toledo Filho",Journal of Building Engineering,2023,10.1016/j.jobe.2023.107319,37.38,36.86,6.03,4.06,2.5,1.8,0.8,,13.41,,,49.41633333333333,,49.333333333333336,511.6,,,,,,,750.0,,62.5,,1.0,multiple,combined,mixed,paste,25.0,,0,False,True
46,Mechanical properties evaluation of sustainable engineered cementitious composites containing recycled fine powders,"Zhanqi Cheng, Kaichuang Wang, Jiajia Zhou, Haoliang Wu",Journal of Building Engineering,2023,https://doi.org/10.1016/j.jobe.2023.106438,,,,,,,,,,,,,,,,,,,,,,,,,,2.0,,combined,,fines,30.0,,22,False,True
47,Investigation of Waste Perlite and Recycled Concrete Powders as Supplementary Cementitious Materials,"Amina Dacić, Olivér Fenyvesi, Katalin Kopecskó",Periodica Polytechnica Civil Engineering,2023,https://doi.org/10.3311/PPci.21593,48.69,30.94,9.0,4.35,2.73,1.04,0.94,1.81,17.13,,,25.29,,,2339.5,,351.0,,2.5,,0.5,,,,,1.0,,crushing,mixed,powder,15.0,15.0,15,False,True
48,Rheological and early hydration of cementitious material containing recycled concrete powders collected from recycled aggregates,"Xin Deng, Jun Li, Zhongyuan Lu, Junjin Zhang, Kai Luo, Yunhui Niu, Jun Hu, Kewen He",Construction and Building Materials,2023,https://doi.org/10.1016/j.conbuildmat.2023.132108,39.46666666666667,37.59666666666666,9.413333333333332,5.18,1.9,1.9266666666666667,1.1466666666666667,1.2133333333333334,15.366666666666667,,5.23,39.23333333333333,86.63333333333333,,,11818.333333333334,,,2.48,,0.45,,,,,,,combined,calcite,powder,10.0,,19,False,True
49,Application and Texture of Ground RC as Supplementary Cementitious Material,"Ludwig Hertwig, Wladislaw Polienko, Constanze Reuter, Klaus Holschemacher","fib Symposium 2023, LNCE 349",2023,https://doi.org/10.1007/978-3-031-32519-9_104,,,,,,,,,6.412499999999999,,3.5,13.666666666666666,59.0,,234.6,,,,,2478.8888888888887,,,,10.0,600.0,0.0,,combined,,powder,,,27,False,True
50,Characteristics of waste concrete powders from multi-recycled coarse aggregate concrete and their effects as cement replacements,"Jeonghyun Kim, Nader Nciri, Alena Sicakova, Namho Kim",Construction and Building Materials,2023,https://doi.org/10.1016/j.conbuildmat.2023.132525,17.44,22.82166666666667,5.178333333333334,5.191666666666667,1.581666666666667,1.663333333333333,,2.4250000000000003,,,,,,,,,,,,2198.333333333333,0.484,,,,,,,combined,,powder,15.0,,10,False,True
51,"Effects of recycled concrete powders on the rheology, setting and early age strength of cement paste","Jingzhe Li, Binggen Zhan, Peng Gao, Li Hu, Min Qiao, Huiling Sha, Qijun Yu",Construction and Building Materials,2023,10.1016/j.conbuildmat.2023.132899,29.25,42.54,6.865,6.365,1.12,1.22,0.2,4.404999999999999,16.42,37.1,3.089,13.08,44.589,,,7760.0,,10.55,,,0.45,,,,,1.0,,combined,mixed,powder,,,13,False,True
52,Effects of recycled micro-powders mixing methods on the properties of recycled concrete,"Yike Lin, Tingshu He, Yongqi Da, Renhe Yang, Danlin Zheng",Journal of Building Engineering,2023,https://doi.org/10.1016/j.jobe.2023.107994,48.82,27.08,11.76,3.5,3.04,0.71,1.62,2.59,0.88,,,,,15.16,,,,,,,0.35,,,,,2.0,,milling,quartz,powder,11.0,0.0,26,False,True
53,"Utilizing heat-mechanical synergistic treatment for separating concrete waste into high-quality recycled aggregate, active recycled powder and new concrete","Zhiming Ma, Ruihan Hu, Pengpeng Yao, Changqing Wang",Journal of Building Engineering,2023,https://doi.org/10.1016/j.jobe.2023.106161,,,,,,,,,,,,,,,,,,,,,0.5,700.0,2.0,30.0,,1.0,multiple,combined,quartz,powder,10.0,,7,False,True
54,Total recycling of concrete waste using accelerated carbonation: A review,"Chi Sun Poon, Peiliang Shen, Yi Jiang, Zihan Ma, Dongxing Xuan",Cement and Concrete Research,2023,10.1016/j.cemconres.2023.107284,,,,,,,,,,15.75,,,,12.0,30000.0,,,7.666666666666667,,,0.4166666666666667,100.0,,,,2.0,carbonation,combined,calcite,fines,30.0,,3,False,True
55,The effect of recycled concrete powder (RCP) from precast concrete plant on fresh and mechanical properties of cementitious pastes,"J.H.A. Rocha, M.P. Tinoco, R.D. Toledo Filho",Materiales de Construcción,2023,10.3989/mc.2023.351923,34.32,36.76,8.94,5.22,,2.7,,1.76,8.47,,1.72,14.42,60.67,,,,,,2.68,,0.4,,,30.0,300.0,1.0,mechanical,combined,,powder,20.0,10.0,25,False,True
56,Concrete powder waste as a substitution for Portland cement for environment-friendly cement production,"Dayana Ruth Bola Oliveira, Gabriela Leite, Edna Possan, José Marques Filho",Construction and Building Materials,2023,https://doi.org/10.1016/j.conbuildmat.2023.132382,23.15,10.5,6.3,7.266666666666666,2.733333333333333,1.8333333333333333,2.0500000000000003,1.9666666666666668,5.716666666666666,,,9.265,,15.777142857142858,,,2833.333333333333,,2.524,,0.48,,,2.833333333333333,500.0,1.0,mechanical,combined,,powder,8.5,0.0,26,False,True
57,Use of recycled fine aggregates and recycled powders in sustainable recycled concrete,"Amardeep Singh, Xinzhao Miao, Xin Zhou, Qi Deng, Jiannan Li, Shuai Zou, Zhenhua Duan",Journal of Building Engineering,2023,https://doi.org/10.1016/j.jobe.2023.107370,57.01,21.3,10.93,3.45,1.82,1.17,1.58,2.22,,,,,,45.0,,,,12.57,,2199.0,0.36,,,,,1.0,mechanical,combined,calcite,powder,,,0,False,True
58,Fine demolition wastes as Supplementary cementitious materials for CO2 reduced cement production,"Anna Tokareva, Sinan Kaassamani, Danièle Waldmann",Construction and Building Materials,2023,https://doi.org/10.1016/j.conbuildmat.2023.131991,38.32,24.096666666666668,7.8066666666666675,5.153333333333333,1.37,1.5433333333333337,0.3733333333333333,1.9,18.33333333333333,,,175.0,210.55555555555557,,,,,,2.488333333333333,,0.4666666666666666,450.0,2.0,,,1.0,thermal,combined,mixed,fines,20.0,0.0,40,False,True
59,Effect of thermo-mechanical activation of waste concrete powder (WCP) on the characteristics of cement mixtures,"Prabhat Vashistha, Yanchen Oinam, Hyeong-Ki Kim, Sukhoon Pyo",Construction and Building Materials,2023,10.1016/j.conbuildmat.2022.129713,25.12,29.12,5.56,13.18,1.74,1.78,,2.65,15.1,,1.745,,50.515,,,,,,2.1566666666666667,,0.35,650.0,2.0,2.0,,1.0,multiple,other,,powder,35.0,10.0,62,False,True
60,Micro-macro characterizations of mortar containing construction waste fines as replacement of cement and sand: A comparative study,"Huixia Wu, Ruihan Hu, Dingyi Yang, Zhiming Ma",Construction and Building Materials,2023,https://doi.org/10.1016/j.conbuildmat.2023.131328,31.0,54.9,3.4,1.9,5.6,,,,,,,,,,,,,,,,0.5,,,,,2.0,,combined,mixed,fines,10.0,,6,False,True
61,Supplementary cementitious materials based on recycled concrete paste,"Maciej Zajac, Jan Skocek, Łukasz Gołek, Jan Deja",Journal of Cleaner Production,2023,10.1016/j.jclepro.2022.135743,37.10666666666666,25.19,5.183333333333334,1.846666666666667,2.046666666666667,1.46,0.3366666666666666,0.7133333333333334,25.19,,2.0316666666666667,20.575,91.23333333333332,,,17281.81818181818,,,,,0.55,1400.0,,,,1.0,carbonation,milling,other,paste,,,0,False,True
62,"Roles of carbonated recycled fines and aggregates in hydration, microstructure and mechanical properties of concrete: A critical review","Tong Zhang, Meng Chen, Yuting Wang, Mingzhong Zhang",Cement and Concrete Composites,2023,https://doi.org/10.1016/j.cemconcomp.2023.104994,,1.4433333333333334,0.25,,,,,,,,,,,,,,,13.64,,,0.55,70.0,3.625,,,2.0,carbonation,,mixed,fines,20.0,0.0,3,False,True
63,Recycled Construction and Demolition Waste as Supplementary Cementing Materials in Eco-Friendly Concrete,"Silvina V. Zito, Edgardo F. Irassar, Viviana F. Rahhal",Recycling,2023,https://doi.org/10.3390/recycling8040054,62.36,8.36,12.03,4.19,0.93,0.15,1.44,3.34,6.01,,1.11,6.58,44.23,,660.0,,660.0,,2.58,,0.5,,,,,2.0,mechanical,combined,mixed,powder,,0.0,18,False,True
64,Physical-chemical characterization of construction and demolition waste powder with thermomechanical activation for use as supplementary cementitious material,"Tamara Francisca Baggio, Edna Possan, Jairo José de Oliveira Andrade",Construction and Building Materials,2024,10.1016/j.conbuildmat.2024.136907,51.57333333333333,9.8,9.816666666666668,3.155,1.6883333333333332,0.365,0.4966666666666666,1.445,4.641666666666667,,60.33083333333334,326.8831578947369,90.73083333333334,,,12185.454545454546,,,2.602,,0.5,750.0,2.0,3.333333333333333,30.0,1.0,multiple,crushing,,cdw,,,16,False,True
65,Ureolytic bacteria-assisted recycling of waste concrete fines,"P. Holeček, K. Kliková, D. Koňáková, H. Stiborová, V. Nežerka",Powder Technology,2024,https://doi.org/10.1016/j.powtec.2023.119310,39.79,33.485,10.935,,2.015,1.25,1.565,2.725,0.31,0.29,1.1949999999999998,4.025,10.51,6.205,,,,,,,,,,,,,other,combined,calcite,fines,,,0,False,True
66,Enhancing the Mechanical and Durability Properties of Fully Recycled Aggregate Concrete Using Carbonated Recycled Fine Aggregates,"Birori Jean, Hui Liu, Xudong Zhu, Xinjie Wang, Xiancui Yan, Tianyu Ma",Materials,2024,https://doi.org/10.3390/ma17081715,,,,,,,,,,,,,,,,,,7.85,,2526.5,,,,,,,carbonation,crushing,calcite,other,,,6,True,True
67,A Review of the Utilization of Recycled Powder from Concrete Waste as a Cement Partial Replacement in Cement-Based Materials: Fundamental Properties and Activation Methods,"Kubilay Kaptan, Sandra Cunha, José Aguiar",Applied Sciences,2024,10.3390/app14219775,48.75,26.15,8.0,4.35,,,,,6.0,,,53.35,,17.8,626.2733333333333,,6664.5,,2.470666666666667,,0.4,715.625,,58.75,,1.0,multiple,combined,mixed,fines,27.5,,0,False,True
68,REUSE OF FINE CONCRETE DEMOLITION WASTES AS A SUPPLEMENTARY CEMENTITIOUS MATERIAL IN CONCRETE,"LYNDA KHEDDACHE, DJAMILA ABOUTALEB, BRAHIM SAFI, SAMIR LECHEB, AHMED CHELLIL AND HAMZA MECHAKRA",HUNGARIAN JOURNAL OF INDUSTRY AND CHEMISTRY,2024,10.33927/hjic-2024-15,,,,,,,,,,,,,,,,,,,,,0.475,,,,,,,crushing,,cdw,10.0,,45,False,True
69,Thermal activation of multi-recycled concrete powder as supplementary cementitious material for repeated and waste-free recycling,"Jeonghyun Kim, Andrzej Ubysz",Journal of Building Engineering,2024,https://doi.org/10.1016/j.jobe.2024.111169,17.44,22.82166666666667,5.178333333333334,5.191666666666667,1.581666666666667,1.663333333333333,,2.4250000000000003,,,,,,,,,,,,2198.333333333333,0.5,500.0,2.0,,,2.0,thermal,combined,,powder,25.0,,74,False,True
70,"Recycled concrete fines as a supplementary cementitious material: Mechanical performances, hydration, and microstructures in cementitious systems","Jun Li, Xin Deng, Zhongyuan Lu, Xiaoying Li, Li Hou, Jun Jiang, Fengyuan Yang, Junjin Zhang, Kewen He",Case Studies in Construction Materials,2024,10.1016/j.cscm.2024.e03575,33.7,32.02,8.026666666666666,4.416666666666667,1.62,1.64,0.98,1.0333333333333334,14.72,,,39.23333333333333,,,,11813.333333333334,,,2.48,,0.5,,,,,2.0,none,crushing,,fines,10.0,0.0,53,False,True
71,Reusing Waste Concrete Recycled Powder in Mortar: Paste Substitution versus Cement Substitution,"Leo Gu Li, Ze-Cheng Lu, Pui-Lam Ng, Zhong-Ping Chen, Xiaowei Deng",Journal of Materials in Civil Engineering,2024,10.1061/JMCEE7.MTENG-17101,,,,,,,,,,,,,,102.0,,,,,2.56,,0.475,105.0,8.0,,,,thermal,combined,other,powder,12.0,12.0,56,False,True
72,Use of carbonated recycled cement paste powder as a new supplementary cementitious material: A critical review,"Yuguang Mao, Xiang Hu, Ubagaram Johnson Alengaram, Wei Chen, Caijun Shi",Cement and Concrete Composites,2024,https://doi.org/10.1016/j.cemconcomp.2024.105783,,,,,,,,,,17.5,,,,,,,,,,,,140.0,,,,2.0,carbonation,combined,mixed,paste,15.0,,0,False,True
73,Transforming construction and demolition waste concrete as a precursor in sustainable cementitious materials: An innovative recycling approach,"Juliana Rodriguez-Morales, Oswaldo Burciaga-Diaz, Lauren Y. Gomez-Zamorano, J. Ivan Escalante-Garcia","Resources, Conservation & Recycling",2024,https://doi.org/10.1016/j.resconrec.2024.107474,5.98,87.11,1.93,0.81,1.7,1.2,0.71,0.57,,,,,,28.56,,,,,,,0.23,,,,,2.0,chemical,combined,mixed,other,,25.0,110,False,True
74,Improving the reactivity of industrial recycled concrete fines: Exploring mechanical and hydrothermal activation,"Leila Nobrega Sousa, J.C.O. Zepper, Katrin Schollbach, H.J.H. Brouwers",Construction and Building Materials,2024,https://doi.org/10.1016/j.conbuildmat.2024.137594,72.57,11.68,4.98,2.05,0.8,0.84,,0.92,5.86,,,69.17357142857144,,,,,,,,,0.55,195.0,8.0,166.0,179.0,1.0,multiple,crushing,mixed,fines,,,0,False,True
75,"Utilization of all components of waste concrete: Recycled aggregate strengthening, recycled fine powder activity, composite recycled concrete and life cycle assessment","Chao-qiang Wang, Lin-xiao Cheng, Yan Ying, Fei-hua Yang",Journal of Building Engineering,2024,https://doi.org/10.1016/j.jobe.2023.108255,18.12,41.06,5.78,2.16,1.78,2.28,,0.86,11.383333333333336,,,,,23.08,,,,,,,0.45,,,10.0,,2.0,mechanical,combined,other,powder,20.0,0.0,10,False,True
76,Experimental Research on the Performance of Recycled Waste Concrete Powder (RWCP) on Concrete,"Shuai Wang, Aixun Wang, Xudong Fu, Xianwei Zhang, Zhe Li, Yongjun Guo, Shenghao Li, Mingzhao Wang",Materials,2024,10.3390/ma17215319,52.46,11.436,12.998,3.077,1.735,0.723,2.817,3.722,10.1,,,,,,13501.42857142857,,,,,,,,,37.5,48.0,,mechanical,combined,mixed,powder,,0.0,39,False,True
77,Study on the effect of recycled fine powder on the properties of cement mortar and concrete,"Pei Yu, Tang Li, Suqin Gao",Desalination and Water Treatment,2024,https://doi.org/10.1016/j.dwt.2024.100481,,,,,,,,,,,,28.975,60.27,,485.0,,,,,,0.75,,,,,,chemical,crushing,,powder,11.0,5.0,31,False,True
78,"Effect of carbonated recycled concrete fines on early-age engineering properties, hydration and microstructure of cement paste under high substitution level and low water-to-binder ratio","Tong Zhang, Jiaze Cui, Meng Chen, Xiaowei Ouyang, Zhiguo Yan",Journal of Building Engineering,2024,https://doi.org/10.1016/j.jobe.2024.110376,,,,,,,,,,,,30.065,,,,,,,,,0.2,,,,,,carbonation,combined,,fines,30.0,40.0,12,False,True
79,Highly reactive carbonated recycled concrete fines prepared via mechanochemical carbonation: Influence on the early performance of cement composites,"Yingliang Zhao, Kai Cui, Jionghuang He, Yong Zheng, Peiliang Shen, Chi Sun Poon, Guangmin Peng, Ruilai Guo, Daohui Xia",Cement and Concrete Composites,2024,https://doi.org/10.1016/j.cemconcomp.2024.105636,18.4,67.6,5.12,3.53,1.08,2.76,,0.66,32.35,,,6.0600000000000005,,1.0,,,,,,,0.4,,,31.0,500.0,2.0,multiple,milling,mixed,fines,10.0,10.0,35,False,True
80,Assessment of the potential use of construction and demolition waste (CDW) fines as eco-pozzolan in binary and ternary cements,"Daniela Oliveira de Lima, Douglas Sadalla de Lira, Moisés Frías Rojas, Holmer Savastano Junior",Construction and Building Materials,2024,https://doi.org/10.1016/j.conbuildmat.2023.134320,26.68,38.93,9.19,9.19,2.76,1.95,0.48,1.21,14.4,,,24.0,,,,13550.0,,,2.44,,0.4,,,,,1.0,,combined,mixed,cdw,25.0,0.0,36,False,True
81,Experimental and Numerical Assessment of Sustainable Concrete Using Recycled Concrete Powder (RCP) as a Partial Replacement for Cement,"Hafiz Asfandyar Ahmed, Waqas Arshad Tanoli",Materials,2025,https://doi.org/10.3390/ma18133108,15.35,32.4,5.9,1.57,2.4,1.94,,,28.44,,,,,23.1,,,,,,,,,,1.0,,1.0,mechanical,combined,,powder,21.5,0.0,13,False,True
82,Using Fines from Recycled High-Quality Concrete as a Substitute for Cement,"Laurena De Brabandere, Vadim Grigorjev, Philip Van den Heede, Hannah Nachtergaele, Krist Degezelle, Nele De Belie",Sustainability,2025,10.3390/su17041506,18.835,23.66,3.01,1.66,1.11,,0.7450000000000001,0.8533333333333334,,35.0,1.6,24.0,159.0,,,,,7.7,2.4533333333333336,2453.333333333333,0.4475,,,5.0,,,mechanical,combined,mixed,fines,10.0,0.0,37,False,True
83,Redefining the cement substitution potential of recycled concrete powder using graphene oxide coating,"Yuan Gao, Fufu Zou, Siyao Wang, Hao Sui, Jiajian Yu, Bin Xu, Weiqiang Chen, Yanming Liu",Cement and Concrete Composites,2025,https://doi.org/10.1016/j.cemconcomp.2025.106276,32.7,17.72,9.81,7.65,4.37,3.27,1.8,1.52,18.1,,,,,,,,,,2.7025,,0.5,,,,,2.0,other,combined,mixed,powder,30.0,,19,False,True
84,Clean and high-value recycling approach for waste concrete powder: Mechano-chemical activation of pozzolanic activity,"Qiang Gao, Xi-guang Li, Xiao-dong Shi, Xin-long Li, Xian-jun Lyu, Xiang-nan Zhu, Yang-guang Ren",Powder Technology,2025,https://doi.org/10.1016/j.powtec.2025.120988,48.82,25.5,9.43,7.87,0.42,1.16,,6.48,,43.066,35.05571428571429,39.98571428571428,67.05714285714286,,686.4000000000001,,,,,,0.75,,,80.0,,2.0,multiple,combined,mixed,powder,,0.0,23,False,True
85,"Impact of Recycled Concrete and Ceramic Fillers on the Performance of Cementitious Systems: Microstructural, Mechanical, and Durability Aspects","Tianjun Han, Diego Aponte, Susana Valls, Marilda Barra Bizinotto",Recycling,2025,https://doi.org/10.3390/recycling10030108,53.03,15.78,7.605,2.755,1.96,0.835,,2.295,14.245,,,12.35,,,,,,,,2630.0,0.528,,,,,1.0,,,calcite,other,10.0,0.0,34,False,True
86,Performance of concrete containing waste demolished concrete powder as a partial substitute for cement,"Muhammad Haroon, Raja Bilal Nasar Khan and Anwar Khitab",International Journal of Building Pathology and Adaptation,2025,10.1108/IJBPA-01-2024-0002,44.815,37.955,8.725,4.445,,1.76,,1.44,,,,,,,,,,,2.46,,0.6,825.0,,,,,thermal,milling,,powder,,0.0,6,False,True
87,Hydration characteristics of cement blended with thermally reactivated recycled concrete demolition waste,"Tamer H. A. Hasanin, Sultan A. Alsahli, Hamud A. Altaleb, Basmah H. Alshammari & M. A. Tantawy",Scientific Reports,2026,https://doi.org/10.1038/s41598-025-31881-7,25.75,52.18,2.38,1.86,2.51,2.16,0.46,0.62,11.65,,,,,,739.1111111111111,,,,,,0.5,600.0,2.5,,,1.0,thermal,combined,portlandite,cdw,20.0,10.0,1,False,True
88,The Effect of Activation Methods on the Mechanical Properties of Cement Mortars with Recycled Powder from Concrete Waste as a Cement Partial Replacement: A Review,"Kubilay Kaptan, Sandra Cunha, José Aguiar",Sustainability,2025,10.3390/su17104502,,,,,,,,,,,,75.0,,,,,,,,,,609.0909090909091,,41.54166666666666,,1.0,multiple,combined,mixed,fines,25.0,10.0,23,False,True
89,Effect of recycled concrete powder on the rheological properties of cement paste: New findings,"Tian Li, Rita Nogueira, Jorge de Brito, Paulina Faria, Jiaping Liu",Cement and Concrete Composites,2025,10.1016/j.cemconcomp.2024.105873,61.182,8.234,15.207,7.176,2.574,0.172,1.457,3.088,,,2.504,29.881,81.52,,,,,,,,0.3,,,,,,,crushing,,powder,,,0,False,True
90,Developing fully recycled alkali-activated mortar made with waste concrete fines as a substitute for both binder and sand: Multi-properties evaluation,"Zhiming Ma, Yuanhui Wu, Kun Fang, Youchao Zhang, Changqing Wang",Construction and Building Materials,2025,https://doi.org/10.1016/j.conbuildmat.2025.141323,,,,,,,,,,,,,,,,,,,,,0.4,,,,,2.0,chemical,combined,mixed,fines,40.0,30.0,38,False,True
91,Influence of particle size and content of recycled concrete powder on the hydration and compressive strength of Portland cement-based materials,"Alice Vilela Nair, Nahúm Gamalier Cayo Chileno, Joaquin Humberto Aquino Rocha, Romildo Dias Toledo Filho",Innovative Infrastructure Solutions,2025,https://doi.org/10.1007/s41062-025-02286-2,10.05,26.038333333333338,6.801666666666667,3.85,,2.033333333333333,,2.17,5.223333333333334,,3.073333333333333,17.383333333333336,50.89166666666667,,,,,,2.61,,0.4,,,31.2,,1.0,mechanical,combined,,powder,6.5,0.0,30,False,True
92,Durability of cement mortars containing fine demolition wastes as supplementary cementitious materials,"Anna Tokareva, Danièle Waldmann",Construction and Building Materials,2025,https://doi.org/10.1016/j.conbuildmat.2025.141316,38.32,24.096666666666668,7.8066666666666675,5.153333333333333,1.37,1.5433333333333337,0.3733333333333333,1.9,18.33333333333333,,,,,,,,,,2.5385000000000004,,0.5,500.0,2.0,,,,thermal,combined,,cdw,,,7,False,True
93,Improvement of mechanical properties of high-volume recycled powder concrete by a novel compression casting method,"Zhihao Wang, Yu-Fei Wu",Construction and Building Materials,2025,https://doi.org/10.1016/j.conbuildmat.2024.139485,60.53,17.51,12.15,2.72,1.17,1.37,0.73,3.03,,,,10.1,,,,,,,,,0.53,,,,,1.0,,combined,mixed,powder,45.0,,40,False,True
94,Mechanical properties and microstructures of thermally activated ultrafine recycled fine powder cementitious materials,"Muwang Wei, Liuyi Chen, Nengzhong Lei, Huawei Li, Lei Huang",Construction and Building Materials,2025,https://doi.org/10.1016/j.conbuildmat.2025.141195,44.89,26.23,13.28,4.48,5.27,1.07,1.71,1.8,,33.919999999999995,1.7366666666666666,9.21,27.776666666666667,,,,,1.0,,,0.5,700.0,2.0,,,1.0,multiple,milling,mixed,fines,45.0,13.9,49,False,True
95,"Thermal-activated recycled cement powder synergized with fly ash as supplementary cementitious in Portland cement: Strength, microstructure and environmental benefits","Wen-qiang Zhai, Ruo-miao Sun, Yu-dong Xie, Hao-chen Ding, Yilin Su, Zhi-hai He",Construction and Building Materials,2025,https://doi.org/10.1016/j.conbuildmat.2025.141018,19.46,56.58,3.92,3.15,2.78,2.54,,,9.6,,,11.6,,,,,,,,,0.5,650.0,2.0,,,,thermal,combined,,powder,10.0,10.0,20,False,True
96,"Effect of Thermally Activated Construction and Demolition Waste as Partial Cement Replacement on the Physical, Mechanical, and Durability Properties of Low-Carbon Concrete","Sandra Cunha, Kubilay Kaptan, Adelino Elias Chiaqui, José Aguiar",Buildings,2026,https://doi.org/10.3390/buildings16122320,57.5,23.55,8.55,3.75,0.55,0.4,0.0,1.9,,,1.9,28.9,151.0,,1086.7,,,,,2860.0,0.535,600.0,4.0,42.4,,1.0,multiple,combined,,cdw,15.0,0.0,15,False,True
97,Influence of thermally activated artificial concrete fines composition on concrete long-term behavior,"Jan P. Höffgen, Marius Schmitt, Frank Dehn",Journal of Building Engineering,2026,https://doi.org/10.1016/j.jobe.2026.115767,41.74090909090909,45.47142857142857,,,,,,,,,198.0714285714286,203.50357142857143,220.31785714285712,,,22351.875,,,,2629.090909090909,0.4225,366.6666666666667,6.0,,,2.0,thermal,combined,other,fines,,,0,False,True
98,"Thermal Treatment of Recycled Concrete Fines for Sustainable Cement: Linking Physicochemical Transformations, Reactivity, and Life Cycle Assessment","Rui Jing, Jian Li Hao, Han-Mei Chen, Engui Liu",ACS Omega,2026,10.1021/acsomega.5c09513,,,,,,,,,,,,,,,,,,,,,0.4,600.0,2.0,,,,thermal,crushing,mixed,fines,10.0,5.0,47,False,True
99,Carbonation behavior of reactivated recycled concrete fines containing residual sand: Effects of Ca/Si ratio adjustment and activation temperature,"Yutong Ju, Ye Li, Xiangping Xian, Tiejun Liu",Carbon Capture Science & Technology,2026,https://doi.org/10.1016/j.ccst.2025.100557,42.96,43.28,5.21,3.06,1.91,2.13,,0.5,,,,,,,,,,,,,0.4,1000.0,3.0,15.0,650.0,,multiple,combined,mixed,paste,,,14,False,True
100,Durability Behavior of Portland Cement Mortars with Recycled Powder from Concrete Waste as a Cement Partial Replacement: A Review,"Kubilay Kaptan, Sandra Cunha, José Aguiar",Sustainability,2026,https://doi.org/10.3390/su18052561,53.0,20.0,12.5,4.5,,,,,,,,,,112.5,1200.0,,,,,,,750.0,,62.5,,1.0,multiple,milling,mixed,powder,17.5,,0,False,True
101,Enhancing recycled cement paste powder as a high-performance supplementary cementitious material via synergistic carbonation and ultrasonic processing,"Wenjing Ma, Jiongqi Chen, Meng Zhou, Xiaowei Ouyang, Yuwei Ma, Guang Ye, Zongjin Li, Jiyang Fu",Construction and Building Materials,2026,10.1016/j.conbuildmat.2026.146727,22.33,60.16,5.75,5.06,2.08,,,,4.44,,,,,0.2128,25836.666666666668,25836.666666666668,,,,,0.4,,,4.0,,2.0,carbonation,combined,mixed,paste,,23.39,2,False,True
102,Mechanochemical activation of recycled concrete fines to produce supplementary cementitious materials,"Ilda Tole, Ankit Kothari, Magdalena Rajczakowska, Andrzej Cwirzen",Construction and Building Materials,2026,https://doi.org/10.1016/j.conbuildmat.2026.146017,26.13,52.8,1.27,1.54,,,0.131,0.288,17.5,,13.134444444444446,30.911111111111115,108.96666666666668,,,,,,,,0.45,,,25.0,500.0,1.0,multiple,crushing,,fines,,0.0,12,False,True
103,Optimization of calcined concrete waste powder as supplementary cementitious material: a comprehensive study on performance and sustainability,"Nurullah Öksüzer, Muhammed Talha Ünal",Journal of the Australian Ceramic Society,2026,https://doi.org/10.1007/s41779-025-01302-z,45.38,19.85,12.43,9.87,2.32,0.95,0.08,4.12,4.15,,,17.0,,17.0,,,,,,,0.4,1000.0,2.0,24.0,70.0,2.0,multiple,combined,quartz,powder,20.0,0.0,12,False,True
