paper_id,sio2,cao,al2o3,fe2o3,mgo,so3,na2o,k2o,loi,amorphous_pct,d10,d50,d90,mean_particle_um,specific_surface,bet_surface,blaine,water_absorption,specific_gravity,bulk_density,wb_ratio,thermal_temp_c,thermal_duration,grind_duration,grind_speed,pozzolanic_reactivity,activation_method,processing_method,mineralogy,material_family,reported_optimum_pct,empirical_optimum_pct
0,,,,,,,,,,,,,,,,,,13.1,,1234.0,,,,,,,,crushing,other,fines,,10.0
1,,,,,,,,,,,,,,,,,,13.1,,1234.0,0.44,,,,,,,crushing,,fines,,
2,,,,,,,,,,,,,,,,,,,,,0.42,,,,,,,thermal,,fines,5.0,
3,58.55,11.82,10.35,4.64,1.52,0.44,,,,,,67.25,,67.25,,,1500.0,,2.3625,,0.55,,,,,0.0,,combined,portlandite,powder,15.0,
4,33.43,32.17,18.7,16.72,,,,,,,,,,52.5,,,,,,,0.5,1337.5,1.0,,,,thermal,,,powder,,
5,,,,,,,,,,,,8.8,,,,,,,,,0.6699999999999999,,,,,0.0,,crushing,mixed,fines,25.0,0.0
6,,,,,,,,,,,,,,,,,,7.54,,2540.0,,,,,,,,crushing,,fines,,
7,,,,,,,,,,,,12.0,,12.0,412.0,,412.0,,,,0.3576,,,,,,mechanical,milling,,powder,10.0,
8,,,,,,,,,,,,,,,,,,,,,0.375,,,,,,mechanical,milling,,powder,25.0,
9,,3.5,,,,,,,9.666666666666666,,,,,,,,,,,,0.55,617.5,8.0,,,,thermal,combined,calcite,other,,6.0
10,43.0,15.5,11.5,5.0,2.0,,,,,,,9.06,,6.536666666666666,639.6,,,,,,0.45,,,,,2.0,,combined,,powder,22.5,
11,,,,,,,,,31.25,,,250.0,2000.0,,,,,,2.66,,0.5,500.0,43.333333333333336,15.0,,2.0,multiple,combined,mixed,other,25.0,0.0
12,69.75,9.62,6.92,2.6,0.51,0.53,0.67,2.42,6.94,,1.06,5.94,29.39,10.77,,,,,2.62,,0.5,,,,,2.0,,crushing,,cdw,5.0,5.0
13,,,,,,,,,,,,,,,,,,6.24,2.61,,0.18,,,,,,,crushing,,fines,,
14,46.9,19.3,11.7,5.62,2.17,1.49,0.84,2.3,5.9,,,14.5,,,817.0,,,,2.6,,0.5,,,,,2.0,chemical,combined,,powder,,0.0
15,46.1,40.0,,,,,,,,,,,,,,,,,,2540.0,0.595,,,,,,,combined,,other,,
16,46.1,40.0,3.8,1.5,0.5,0.4,0.3,1.2,6.2,,,,,,,,,,2.54,,0.595,,,2.0,60.0,,,combined,,other,10.0,
17,,16.04,,,,,,,,,,,,85.0,,,,,,755.3333333333334,0.6288888888888889,650.0,5.0,,,,thermal,combined,other,other,35.0,20.0
18,51.8,22.8,13.6,5.6,1.4,0.8,,2.6,,,1.8,22.4,158.9,22.4,,3550.0,,,,,,,,,,0.0,multiple,other,,powder,,
19,20.4375,12.2875,5.925,7.987500000000001,2.6875,1.75,2.1375,1.8375000000000001,5.075,,,,,24.18625,,,2500.0,,2.77,2341.4285714285716,0.515,,,,,0.0,,other,,other,25.0,0.0
20,,,,,,,,,,,,38.82,,,710.0,,,,,,0.4,,,,,1.0,carbonation,milling,calcite,paste,,
21,20.5,56.75,8.42,3.99,3.84,3.49,0.49,1.08,1.04,,,,330.2325,15.42,,,,,,,0.5,540.0,3.0,,,,thermal,combined,,powder,30.0,0.0
22,50.0,25.0,8.5,5.5,,,,,,,,29.55529411764706,,9.06,527.22,,,,,,0.43625,675.0,45.0,56.333333333333336,,2.0,multiple,combined,other,powder,30.0,
23,36.1,22.5,18.4,3.1500000000000004,1.75,1.35,,,13.8,,7.343500000000001,72.165,444.8,,1750.0,,,,,,0.35,,,120.0,,1.0,mechanical,combined,mixed,aac,,30.0
24,27.8,29.1,6.7,2.73,4.49,1.11,0.56,1.09,,,,,,,467.0,,,,,856.0,0.475,,,,,,,combined,,powder,9.0,0.0
25,21.3,64.1,5.63,3.22,1.15,3.54,,0.56,,,,16.6,65.2,,,,,,,,,,,,,,carbonation,combined,,paste,,
26,50.93,18.18,13.55,6.37,2.73,0.92,,3.5,11.32,,,,,,,2687.5,637.75,,,,0.5,,,,,0.0,,milling,,powder,,0.0
27,65.26,4.48,11.05,3.18,1.34,,0.22,1.87,7.21,,,,,61.7744,,,,,,,0.3,,,30.0,,2.0,none,milling,,powder,,0.0
28,56.0,15.442857142857145,8.379999999999999,2.4333333333333336,,0.624,1.32,,13.75,,,,,,6400.0,,,,,,0.52,,,,,0.0,multiple,combined,mixed,fines,,
29,,,,,,,,,11.9,,3.5,19.0,65.0,22.0,,,230.0,,,,,,,,,,,crushing,,powder,10.0,
30,,,,,,,,,13.683333333333335,,,25.0,,,,,,,,,0.5,900.0,2.0,,,,thermal,crushing,,powder,,
31,,,,,,,,,,,,,,,150.0,,,,,,,,,,,1.0,carbonation,combined,mixed,paste,,40.0
32,27.8,29.1,6.7,2.73,4.49,1.11,,,,,,,,42.6,467.0,,,,,856.0,0.45,,,30.0,,2.0,mechanical,combined,mixed,powder,15.0,
33,58.79,3.28,18.37,6.07,,,,,10.9,55.1,,,,,,,,,,,,,,,,1.0,,other,,fines,,
34,,,,,,,,,,,,20.051499999999997,,,,,,,2.7239999999999998,,,,,,,1.0,,combined,,paste,,
35,,,,,,,,,,,,,,,,,,,,,0.45,,,,,,,combined,,powder,20.0,
36,60.3,17.4,10.4,3.0,3.4,0.7,2.1,,,,,22.7,,22.7,,,,,,,0.5,,,60.0,,1.0,mechanical,combined,mixed,powder,10.0,
37,46.835,22.25,12.66,5.654999999999999,1.665,0.29000000000000004,,2.14,,,,17.854999999999997,,27.939999999999998,,,440.5,,2.59,,,,,20.0,,1.0,mechanical,combined,,powder,15.0,0.0
38,34.82,24.48,8.52,6.99,3.19,0.21,1.66,0.81,17.89,,,,,,,,,,2.61,,0.6,,,,,,,combined,,powder,57.5,
39,33.4,44.9,8.4,1.0,5.4,,,1.7,,,,5.0,,,,,,,,,0.5,,,,,1.0,chemical,crushing,,fines,12.5,0.0
40,19.63,64.52,5.43,3.21,2.15,2.84,0.52,0.58,,,,,,150.0,23038.666666666668,23038.666666666668,,,,,0.4,100.0,30.0,,,1.0,carbonation,crushing,mixed,fines,20.0,
41,41.0,46.333333333333336,4.0,2.6666666666666665,3.6666666666666665,,,,,,,50.36666666666666,,,,,,,,,0.5,,,,,1.0,,combined,mixed,paste,7.5,
42,57.02,21.32,10.93,3.45,2.54,1.17,,,,,,75.0,,86.4,,,,,,,0.6,,,,,1.0,,other,,powder,30.0,0.0
43,57.01,21.3,10.93,3.45,1.82,1.17,1.58,2.22,,,,,,,,,,,,,0.45,,,30.0,,,mechanical,combined,,powder,10.0,
44,17.08,11.39,1.89,0.57,0.53,0.4,,0.22,67.58,,1.78,14.2,44.7,,,,,12.033333333333333,2.33,,0.415,,,,,0.0,,combined,,fines,10.0,10.0
45,37.38,36.86,6.03,4.06,2.5,1.8,0.8,,13.41,,,49.416333333333334,,49.333333333333336,511.59999999999997,,,,,,,750.0,,62.5,,1.0,multiple,combined,mixed,paste,25.0,
46,,,,,,,,,,,,,,,,,,,,,,,,,,2.0,,combined,,fines,30.0,
47,48.69,30.94,9.0,4.35,2.73,1.04,0.94,1.81,17.13,,,25.29,,,2339.5,,351.0,,2.5,,0.5,,,,,1.0,,crushing,mixed,powder,15.0,15.0
48,39.46666666666667,37.596666666666664,9.413333333333332,5.18,1.9000000000000001,1.9266666666666667,1.1466666666666667,1.2133333333333334,15.366666666666667,,5.2299999999999995,39.233333333333334,86.63333333333333,,,11818.333333333334,,,2.48,,0.45,,,,,,,combined,calcite,powder,10.0,
49,,,,,,,,,6.412499999999999,,3.5,13.666666666666666,59.0,,234.60000000000002,,,,,2478.8888888888887,,,,10.0,600.0,0.0,,combined,,powder,,
50,17.44,22.82166666666667,5.178333333333334,5.191666666666667,1.581666666666667,1.6633333333333333,,2.4250000000000003,,,,,,,,,,,,2198.3333333333335,0.484,,,,,,,combined,,powder,15.0,
51,29.25,42.54,6.865,6.365,1.1199999999999999,1.22,0.2,4.404999999999999,16.42,37.1,3.089,13.08,44.589,,,7760.0,,10.55,,,0.45,,,,,1.0,,combined,mixed,powder,,
52,48.82,27.08,11.76,3.5,3.04,0.71,1.62,2.59,0.88,,,,,15.16,,,,,,,0.35,,,,,2.0,,milling,quartz,powder,11.0,0.0
53,,,,,,,,,,,,,,,,,,,,,0.5,700.0,2.0,30.0,,1.0,multiple,combined,quartz,powder,10.0,
54,,,,,,,,,,15.75,,,,12.0,30000.0,,,7.666666666666667,,,0.4166666666666667,100.0,,,,2.0,carbonation,combined,calcite,fines,30.0,
55,34.32,36.76,8.94,5.22,,2.7,,1.76,8.47,,1.72,14.42,60.67,,,,,,2.68,,0.4,,,30.0,300.0,1.0,mechanical,combined,,powder,20.0,10.0
56,23.150000000000002,10.5,6.3,7.266666666666666,2.733333333333333,1.8333333333333333,2.0500000000000003,1.9666666666666668,5.716666666666666,,,9.265,,15.777142857142858,,,2833.3333333333335,,2.524,,0.48,,,2.8333333333333335,500.0,1.0,mechanical,combined,,powder,8.5,0.0
57,57.01,21.3,10.93,3.45,1.82,1.17,1.58,2.22,,,,,,45.0,,,,12.57,,2199.0,0.36,,,,,1.0,mechanical,combined,calcite,powder,,
58,38.32,24.096666666666668,7.8066666666666675,5.153333333333333,1.37,1.5433333333333337,0.3733333333333333,1.8999999999999997,18.333333333333332,,,175.0,210.55555555555554,,,,,,2.488333333333333,,0.4666666666666666,450.0,2.0,,,1.0,thermal,combined,mixed,fines,20.0,0.0
59,25.12,29.12,5.56,13.18,1.74,1.78,,2.65,15.1,,1.745,,50.515,,,,,,2.1566666666666667,,0.35,650.0,2.0,2.0,,1.0,multiple,other,,powder,35.0,10.0
60,31.0,54.9,3.4,1.9,5.6,,,,,,,,,,,,,,,,0.5,,,,,2.0,,combined,mixed,fines,10.0,
61,37.10666666666666,25.19,5.183333333333334,1.8466666666666667,2.046666666666667,1.46,0.33666666666666667,0.7133333333333334,25.189999999999998,,2.0316666666666667,20.574999999999996,91.23333333333333,,,17281.81818181818,,,,,0.55,1400.0,,,,1.0,carbonation,milling,other,paste,,
62,,1.4433333333333334,0.25,,,,,,,,,,,,,,,13.64,,,0.55,70.0,3.625,,,2.0,carbonation,,mixed,fines,20.0,0.0
63,62.36,8.36,12.03,4.19,0.93,0.15,1.44,3.34,6.01,,1.11,6.58,44.23,,660.0,,660.0,,2.58,,0.5,,,,,2.0,mechanical,combined,mixed,powder,,0.0
64,51.57333333333333,9.8,9.816666666666668,3.155,1.6883333333333332,0.365,0.49666666666666665,1.445,4.641666666666667,,60.33083333333334,326.8831578947369,90.73083333333334,,,12185.454545454546,,,2.602,,0.5,750.0,2.0,3.3333333333333335,30.0,1.0,multiple,crushing,,cdw,,
65,39.79,33.485,10.935,,2.015,1.25,1.565,2.725,0.31,0.29000000000000004,1.1949999999999998,4.025,10.51,6.205,,,,,,,,,,,,,other,combined,calcite,fines,,
66,,,,,,,,,,,,,,,,,,7.8500000000000005,,2526.5,,,,,,,carbonation,crushing,calcite,other,,
67,48.75,26.15,8.0,4.35,,,,,6.0,,,53.35,,17.8,626.2733333333333,,6664.5,,2.470666666666667,,0.4,715.625,,58.75,,1.0,multiple,combined,mixed,fines,27.5,
68,,,,,,,,,,,,,,,,,,,,,0.475,,,,,,,crushing,,cdw,10.0,
69,17.44,22.82166666666667,5.178333333333334,5.191666666666667,1.581666666666667,1.6633333333333333,,2.4250000000000003,,,,,,,,,,,,2198.3333333333335,0.5,500.0,2.0,,,2.0,thermal,combined,,powder,25.0,
70,33.699999999999996,32.02,8.026666666666666,4.416666666666667,1.62,1.64,0.98,1.0333333333333334,14.719999999999999,,,39.233333333333334,,,,11813.333333333334,,,2.48,,0.5,,,,,2.0,none,crushing,,fines,10.0,0.0
71,,,,,,,,,,,,,,102.0,,,,,2.56,,0.47500000000000003,105.0,8.0,,,,thermal,combined,other,powder,12.0,12.0
72,,,,,,,,,,17.5,,,,,,,,,,,,140.0,,,,2.0,carbonation,combined,mixed,paste,15.0,
73,5.98,87.11,1.93,0.81,1.7,1.2,0.71,0.57,,,,,,28.56,,,,,,,0.23,,,,,2.0,chemical,combined,mixed,other,,25.0
74,72.57,11.68,4.98,2.05,0.8,0.84,,0.92,5.86,,,69.17357142857144,,,,,,,,,0.55,195.0,8.0,166.0,179.0,1.0,multiple,crushing,mixed,fines,,
75,18.12,41.06,5.78,2.16,1.78,2.28,,0.86,11.383333333333335,,,,,23.08,,,,,,,0.45,,,10.0,,2.0,mechanical,combined,other,powder,20.0,0.0
76,52.46,11.436,12.998,3.077,1.735,0.723,2.817,3.722,10.1,,,,,,13501.42857142857,,,,,,,,,37.5,48.0,,mechanical,combined,mixed,powder,,0.0
77,,,,,,,,,,,,28.975,60.27,,485.0,,,,,,0.75,,,,,,chemical,crushing,,powder,11.0,5.0
78,,,,,,,,,,,,30.065,,,,,,,,,0.2,,,,,,carbonation,combined,,fines,30.0,40.0
79,18.4,67.6,5.12,3.53,1.08,2.76,,0.66,32.35,,,6.0600000000000005,,1.0,,,,,,,0.4,,,31.0,500.0,2.0,multiple,milling,mixed,fines,10.0,10.0
80,26.68,38.93,9.19,9.19,2.76,1.95,0.48,1.21,14.4,,,24.0,,,,13550.0,,,2.44,,0.4,,,,,1.0,,combined,mixed,cdw,25.0,0.0
81,15.35,32.4,5.9,1.57,2.4,1.94,,,28.44,,,,,23.1,,,,,,,,,,1.0,,1.0,mechanical,combined,,powder,21.5,0.0
82,18.834999999999997,23.66,3.0100000000000002,1.66,1.1099999999999999,,0.7450000000000001,0.8533333333333334,,35.0,1.6,24.0,159.0,,,,,7.7,2.4533333333333336,2453.3333333333335,0.4475,,,5.0,,,mechanical,combined,mixed,fines,10.0,0.0
83,32.7,17.72,9.81,7.65,4.37,3.27,1.8,1.52,18.1,,,,,,,,,,2.7024999999999997,,0.5,,,,,2.0,other,combined,mixed,powder,30.0,
84,48.82,25.5,9.43,7.87,0.42,1.16,,6.48,,43.065999999999995,35.05571428571429,39.98571428571428,67.05714285714286,,686.4000000000001,,,,,,0.75,,,80.0,,2.0,multiple,combined,mixed,powder,,0.0
85,53.03,15.78,7.605,2.755,1.96,0.835,,2.295,14.245000000000001,,,12.35,,,,,,,,2630.0,0.528,,,,,1.0,,,calcite,other,10.0,0.0
86,44.815,37.955,8.725,4.445,,1.76,,1.44,,,,,,,,,,,2.46,,0.6,825.0,,,,,thermal,milling,,powder,,0.0
87,25.75,52.18,2.38,1.86,2.51,2.16,0.46,0.62,11.65,,,,,,739.1111111111111,,,,,,0.5,600.0,2.5,,,1.0,thermal,combined,portlandite,cdw,20.0,10.0
88,,,,,,,,,,,,75.0,,,,,,,,,,609.0909090909091,,41.541666666666664,,1.0,multiple,combined,mixed,fines,25.0,10.0
89,61.182,8.234,15.207,7.176,2.574,0.172,1.457,3.088,,,2.504,29.881,81.52,,,,,,,,0.3,,,,,,,crushing,,powder,,
90,,,,,,,,,,,,,,,,,,,,,0.4,,,,,2.0,chemical,combined,mixed,fines,40.0,30.0
91,10.049999999999999,26.038333333333338,6.801666666666667,3.85,,2.033333333333333,,2.17,5.223333333333334,,3.073333333333333,17.383333333333336,50.89166666666667,,,,,,2.61,,0.4,,,31.2,,1.0,mechanical,combined,,powder,6.5,0.0
92,38.32,24.096666666666668,7.8066666666666675,5.153333333333333,1.37,1.5433333333333337,0.3733333333333333,1.8999999999999997,18.333333333333332,,,,,,,,,,2.5385000000000004,,0.5,500.0,2.0,,,,thermal,combined,,cdw,,
93,60.53,17.51,12.15,2.72,1.17,1.37,0.73,3.03,,,,10.1,,,,,,,,,0.53,,,,,1.0,,combined,mixed,powder,45.0,
94,44.89,26.23,13.28,4.48,5.27,1.07,1.71,1.8,,33.919999999999995,1.7366666666666666,9.21,27.776666666666667,,,,,1.0,,,0.5,700.0,2.0,,,1.0,multiple,milling,mixed,fines,45.0,13.9
95,19.46,56.58,3.92,3.15,2.78,2.54,,,9.6,,,11.6,,,,,,,,,0.5,650.0,2.0,,,,thermal,combined,,powder,10.0,10.0
96,57.5,23.55,8.55,3.75,0.55,0.4,0.0,1.9,,,1.9000000000000001,28.9,151.0,,1086.7,,,,,2860.0,0.535,600.0,4.0,42.4,,1.0,multiple,combined,,cdw,15.0,0.0
97,41.74090909090909,45.47142857142857,,,,,,,,,198.0714285714286,203.50357142857143,220.31785714285712,,,22351.875,,,,2629.090909090909,0.4225,366.6666666666667,6.0,,,2.0,thermal,combined,other,fines,,
98,,,,,,,,,,,,,,,,,,,,,0.4,600.0,2.0,,,,thermal,crushing,mixed,fines,10.0,5.0
99,42.96,43.28,5.21,3.06,1.91,2.13,,0.5,,,,,,,,,,,,,0.4,1000.0,3.0,15.0,650.0,,multiple,combined,mixed,paste,,
100,53.0,20.0,12.5,4.5,,,,,,,,,,112.5,1200.0,,,,,,,750.0,,62.5,,1.0,multiple,milling,mixed,powder,17.5,
101,22.33,60.16,5.75,5.06,2.08,,,,4.44,,,,,0.21280000000000002,25836.666666666668,25836.666666666668,,,,,0.4,,,4.0,,2.0,carbonation,combined,mixed,paste,,23.39
102,26.13,52.8,1.27,1.54,,,0.131,0.288,17.5,,13.134444444444446,30.911111111111115,108.96666666666667,,,,,,,,0.45,,,25.0,500.0,1.0,multiple,crushing,,fines,,0.0
103,45.38,19.85,12.43,9.87,2.32,0.95,0.08,4.12,4.15,,,17.0,,17.0,,,,,,,0.4,1000.0,2.0,24.0,70.0,2.0,multiple,combined,quartz,powder,20.0,0.0
