paper_id,replacement_pct,age_days,strength_mpa,is_range,sio2,cao,al2o3,fe2o3,mgo,so3,na2o,k2o,loi,amorphous_pct,specific_gravity,mean_particle_um,specific_surface,bet_surface,blaine,wb_ratio,burn_temp_c,burn_duration,grind_duration,pozzolanic_reactivity,activation_method,mineralogy,processing_method
0,7.0,3.0,20.0,False,89.61,0.91,0.04,0.22,0.42,0.15,0.07,1.58,5.91,90.0,2.15,,,,3600.0,0.5,650.0,60.0,,2.0,thermal,crystalline,controlled_burn
0,10.0,3.0,20.0,False,89.61,0.91,0.04,0.22,0.42,0.15,0.07,1.58,5.91,90.0,2.15,,,,3600.0,0.5,650.0,60.0,,2.0,thermal,crystalline,controlled_burn
0,15.0,3.0,20.0,False,89.61,0.91,0.04,0.22,0.42,0.15,0.07,1.58,5.91,90.0,2.15,,,,3600.0,0.5,650.0,60.0,,2.0,thermal,crystalline,controlled_burn
0,7.0,7.0,29.5,False,89.61,0.91,0.04,0.22,0.42,0.15,0.07,1.58,5.91,90.0,2.15,,,,3600.0,0.5,650.0,60.0,,2.0,thermal,crystalline,controlled_burn
0,10.0,7.0,30.5,False,89.61,0.91,0.04,0.22,0.42,0.15,0.07,1.58,5.91,90.0,2.15,,,,3600.0,0.5,650.0,60.0,,2.0,thermal,crystalline,controlled_burn
0,15.0,7.0,31.0,False,89.61,0.91,0.04,0.22,0.42,0.15,0.07,1.58,5.91,90.0,2.15,,,,3600.0,0.5,650.0,60.0,,2.0,thermal,crystalline,controlled_burn
0,7.0,28.0,44.5,False,89.61,0.91,0.04,0.22,0.42,0.15,0.07,1.58,5.91,90.0,2.15,,,,3600.0,0.5,650.0,60.0,,2.0,thermal,crystalline,controlled_burn
0,10.0,28.0,46.0,False,89.61,0.91,0.04,0.22,0.42,0.15,0.07,1.58,5.91,90.0,2.15,,,,3600.0,0.5,650.0,60.0,,2.0,thermal,crystalline,controlled_burn
0,15.0,28.0,47.5,False,89.61,0.91,0.04,0.22,0.42,0.15,0.07,1.58,5.91,90.0,2.15,,,,3600.0,0.5,650.0,60.0,,2.0,thermal,crystalline,controlled_burn
0,7.0,56.0,52.5,False,89.61,0.91,0.04,0.22,0.42,0.15,0.07,1.58,5.91,90.0,2.15,,,,3600.0,0.5,650.0,60.0,,2.0,thermal,crystalline,controlled_burn
0,10.0,56.0,54.0,False,89.61,0.91,0.04,0.22,0.42,0.15,0.07,1.58,5.91,90.0,2.15,,,,3600.0,0.5,650.0,60.0,,2.0,thermal,crystalline,controlled_burn
0,15.0,56.0,56.0,False,89.61,0.91,0.04,0.22,0.42,0.15,0.07,1.58,5.91,90.0,2.15,,,,3600.0,0.5,650.0,60.0,,2.0,thermal,crystalline,controlled_burn
0,7.0,90.0,54.5,False,89.61,0.91,0.04,0.22,0.42,0.15,0.07,1.58,5.91,90.0,2.15,,,,3600.0,0.5,650.0,60.0,,2.0,thermal,crystalline,controlled_burn
0,10.0,90.0,55.5,False,89.61,0.91,0.04,0.22,0.42,0.15,0.07,1.58,5.91,90.0,2.15,,,,3600.0,0.5,650.0,60.0,,2.0,thermal,crystalline,controlled_burn
0,15.0,90.0,58.4,False,89.61,0.91,0.04,0.22,0.42,0.15,0.07,1.58,5.91,90.0,2.15,,,,3600.0,0.5,650.0,60.0,,2.0,thermal,crystalline,controlled_burn
1,10.0,3.0,46.2,False,80.0,3.82,3.93,0.41,0.25,0.78,0.67,1.45,8.56,,2.11,,,,,0.3142857142857143,550.0,24.0,90.0,,both,,burn_other
1,10.0,7.0,56.0,False,80.0,3.82,3.93,0.41,0.25,0.78,0.67,1.45,8.56,,2.11,,,,,0.3142857142857143,550.0,24.0,90.0,,both,,burn_other
1,10.0,28.0,68.1,False,80.0,3.82,3.93,0.41,0.25,0.78,0.67,1.45,8.56,,2.11,,,,,0.3142857142857143,550.0,24.0,90.0,,both,,burn_other
1,10.0,150.0,71.1,False,80.0,3.82,3.93,0.41,0.25,0.78,0.67,1.45,8.56,,2.11,,,,,0.3142857142857143,550.0,24.0,90.0,,both,,burn_other
1,20.0,3.0,35.3,False,80.0,3.82,3.93,0.41,0.25,0.78,0.67,1.45,8.56,,2.11,,,,,0.3142857142857143,550.0,24.0,90.0,,both,,burn_other
1,20.0,7.0,46.8,False,80.0,3.82,3.93,0.41,0.25,0.78,0.67,1.45,8.56,,2.11,,,,,0.3142857142857143,550.0,24.0,90.0,,both,,burn_other
1,20.0,28.0,57.3,False,80.0,3.82,3.93,0.41,0.25,0.78,0.67,1.45,8.56,,2.11,,,,,0.3142857142857143,550.0,24.0,90.0,,both,,burn_other
1,20.0,150.0,57.4,False,80.0,3.82,3.93,0.41,0.25,0.78,0.67,1.45,8.56,,2.11,,,,,0.3142857142857143,550.0,24.0,90.0,,both,,burn_other
1,30.0,3.0,31.5,False,80.0,3.82,3.93,0.41,0.25,0.78,0.67,1.45,8.56,,2.11,,,,,0.3142857142857143,550.0,24.0,90.0,,both,,burn_other
1,30.0,7.0,39.3,False,80.0,3.82,3.93,0.41,0.25,0.78,0.67,1.45,8.56,,2.11,,,,,0.3142857142857143,550.0,24.0,90.0,,both,,burn_other
1,30.0,28.0,47.7,False,80.0,3.82,3.93,0.41,0.25,0.78,0.67,1.45,8.56,,2.11,,,,,0.3142857142857143,550.0,24.0,90.0,,both,,burn_other
1,30.0,150.0,48.8,False,80.0,3.82,3.93,0.41,0.25,0.78,0.67,1.45,8.56,,2.11,,,,,0.3142857142857143,550.0,24.0,90.0,,both,,burn_other
1,10.0,3.0,47.0,False,80.0,3.82,3.93,0.41,0.25,0.78,0.67,1.45,8.56,,2.11,,,,,0.3142857142857143,550.0,24.0,90.0,,both,,burn_other
1,10.0,7.0,61.0,False,80.0,3.82,3.93,0.41,0.25,0.78,0.67,1.45,8.56,,2.11,,,,,0.3142857142857143,550.0,24.0,90.0,,both,,burn_other
1,10.0,28.0,71.0,False,80.0,3.82,3.93,0.41,0.25,0.78,0.67,1.45,8.56,,2.11,,,,,0.3142857142857143,550.0,24.0,90.0,,both,,burn_other
1,10.0,150.0,72.4,False,80.0,3.82,3.93,0.41,0.25,0.78,0.67,1.45,8.56,,2.11,,,,,0.3142857142857143,550.0,24.0,90.0,,both,,burn_other
1,20.0,3.0,46.7,False,80.0,3.82,3.93,0.41,0.25,0.78,0.67,1.45,8.56,,2.11,,,,,0.3142857142857143,550.0,24.0,90.0,,both,,burn_other
1,20.0,7.0,56.0,False,80.0,3.82,3.93,0.41,0.25,0.78,0.67,1.45,8.56,,2.11,,,,,0.3142857142857143,550.0,24.0,90.0,,both,,burn_other
1,20.0,28.0,70.2,False,80.0,3.82,3.93,0.41,0.25,0.78,0.67,1.45,8.56,,2.11,,,,,0.3142857142857143,550.0,24.0,90.0,,both,,burn_other
1,20.0,150.0,70.3,False,80.0,3.82,3.93,0.41,0.25,0.78,0.67,1.45,8.56,,2.11,,,,,0.3142857142857143,550.0,24.0,90.0,,both,,burn_other
1,30.0,3.0,43.1,False,80.0,3.82,3.93,0.41,0.25,0.78,0.67,1.45,8.56,,2.11,,,,,0.3142857142857143,550.0,24.0,90.0,,both,,burn_other
1,30.0,7.0,51.7,False,80.0,3.82,3.93,0.41,0.25,0.78,0.67,1.45,8.56,,2.11,,,,,0.3142857142857143,550.0,24.0,90.0,,both,,burn_other
1,30.0,28.0,63.0,False,80.0,3.82,3.93,0.41,0.25,0.78,0.67,1.45,8.56,,2.11,,,,,0.3142857142857143,550.0,24.0,90.0,,both,,burn_other
1,30.0,150.0,63.2,False,80.0,3.82,3.93,0.41,0.25,0.78,0.67,1.45,8.56,,2.11,,,,,0.3142857142857143,550.0,24.0,90.0,,both,,burn_other
1,30.0,7.0,36.6,False,80.0,3.82,3.93,0.41,0.25,0.78,0.67,1.45,8.56,,2.11,,,,,0.3142857142857143,550.0,24.0,90.0,,both,,burn_other
1,30.0,28.0,46.3,False,80.0,3.82,3.93,0.41,0.25,0.78,0.67,1.45,8.56,,2.11,,,,,0.3142857142857143,550.0,24.0,90.0,,both,,burn_other
1,30.0,150.0,56.0,False,80.0,3.82,3.93,0.41,0.25,0.78,0.67,1.45,8.56,,2.11,,,,,0.3142857142857143,550.0,24.0,90.0,,both,,burn_other
1,10.0,7.0,32.9,False,80.0,3.82,3.93,0.41,0.25,0.78,0.67,1.45,8.56,,2.11,,,,,0.3142857142857143,550.0,24.0,90.0,,both,,burn_other
1,10.0,28.0,43.3,False,80.0,3.82,3.93,0.41,0.25,0.78,0.67,1.45,8.56,,2.11,,,,,0.3142857142857143,550.0,24.0,90.0,,both,,burn_other
1,20.0,7.0,26.3,False,80.0,3.82,3.93,0.41,0.25,0.78,0.67,1.45,8.56,,2.11,,,,,0.3142857142857143,550.0,24.0,90.0,,both,,burn_other
1,20.0,28.0,36.7,False,80.0,3.82,3.93,0.41,0.25,0.78,0.67,1.45,8.56,,2.11,,,,,0.3142857142857143,550.0,24.0,90.0,,both,,burn_other
1,30.0,7.0,24.2,False,80.0,3.82,3.93,0.41,0.25,0.78,0.67,1.45,8.56,,2.11,,,,,0.3142857142857143,550.0,24.0,90.0,,both,,burn_other
1,30.0,28.0,31.0,False,80.0,3.82,3.93,0.41,0.25,0.78,0.67,1.45,8.56,,2.11,,,,,0.3142857142857143,550.0,24.0,90.0,,both,,burn_other
1,10.0,7.0,35.7,False,80.0,3.82,3.93,0.41,0.25,0.78,0.67,1.45,8.56,,2.11,,,,,0.3142857142857143,550.0,24.0,90.0,,both,,burn_other
1,10.0,28.0,45.7,False,80.0,3.82,3.93,0.41,0.25,0.78,0.67,1.45,8.56,,2.11,,,,,0.3142857142857143,550.0,24.0,90.0,,both,,burn_other
1,20.0,7.0,33.8,False,80.0,3.82,3.93,0.41,0.25,0.78,0.67,1.45,8.56,,2.11,,,,,0.3142857142857143,550.0,24.0,90.0,,both,,burn_other
1,20.0,28.0,45.0,False,80.0,3.82,3.93,0.41,0.25,0.78,0.67,1.45,8.56,,2.11,,,,,0.3142857142857143,550.0,24.0,90.0,,both,,burn_other
1,30.0,7.0,32.5,False,80.0,3.82,3.93,0.41,0.25,0.78,0.67,1.45,8.56,,2.11,,,,,0.3142857142857143,550.0,24.0,90.0,,both,,burn_other
1,30.0,28.0,39.7,False,80.0,3.82,3.93,0.41,0.25,0.78,0.67,1.45,8.56,,2.11,,,,,0.3142857142857143,550.0,24.0,90.0,,both,,burn_other
4,5.0,1.0,5.0,False,87.32,0.48,0.22,0.28,0.28,,1.02,3.14,2.1,87.0,2.06,3.8,36.47,36.47,,0.53,650.0,1.0,,2.0,both,crystalline,burn_other
4,5.0,3.0,5.0,False,87.32,0.48,0.22,0.28,0.28,,1.02,3.14,2.1,87.0,2.06,3.8,36.47,36.47,,0.53,650.0,1.0,,2.0,both,crystalline,burn_other
4,5.0,7.0,5.0,False,87.32,0.48,0.22,0.28,0.28,,1.02,3.14,2.1,87.0,2.06,3.8,36.47,36.47,,0.53,650.0,1.0,,2.0,both,crystalline,burn_other
4,5.0,28.0,5.0,False,87.32,0.48,0.22,0.28,0.28,,1.02,3.14,2.1,87.0,2.06,3.8,36.47,36.47,,0.53,650.0,1.0,,2.0,both,crystalline,burn_other
4,5.0,14.0,5.0,False,87.32,0.48,0.22,0.28,0.28,,1.02,3.14,2.1,87.0,2.06,3.8,36.47,36.47,,0.53,650.0,1.0,,2.0,both,crystalline,burn_other
4,5.0,90.0,5.0,False,87.32,0.48,0.22,0.28,0.28,,1.02,3.14,2.1,87.0,2.06,3.8,36.47,36.47,,0.53,650.0,1.0,,2.0,both,crystalline,burn_other
6,0.0,3.0,16.5,False,89.61,0.91,0.04,0.22,0.42,0.15,0.07,1.58,5.91,90.0,2.15,,,,3600.0,,650.0,60.0,,2.0,thermal,mixed,controlled_burn
6,0.0,7.0,30.2,False,89.61,0.91,0.04,0.22,0.42,0.15,0.07,1.58,5.91,90.0,2.15,,,,3600.0,,650.0,60.0,,2.0,thermal,mixed,controlled_burn
6,0.0,28.0,40.3,False,89.61,0.91,0.04,0.22,0.42,0.15,0.07,1.58,5.91,90.0,2.15,,,,3600.0,,650.0,60.0,,2.0,thermal,mixed,controlled_burn
6,0.0,90.0,50.3,False,89.61,0.91,0.04,0.22,0.42,0.15,0.07,1.58,5.91,90.0,2.15,,,,3600.0,,650.0,60.0,,2.0,thermal,mixed,controlled_burn
6,7.0,3.0,16.8,False,89.61,0.91,0.04,0.22,0.42,0.15,0.07,1.58,5.91,90.0,2.15,,,,3600.0,,650.0,60.0,,2.0,thermal,mixed,controlled_burn
6,7.0,7.0,32.4,False,89.61,0.91,0.04,0.22,0.42,0.15,0.07,1.58,5.91,90.0,2.15,,,,3600.0,,650.0,60.0,,2.0,thermal,mixed,controlled_burn
6,7.0,28.0,42.8,False,89.61,0.91,0.04,0.22,0.42,0.15,0.07,1.58,5.91,90.0,2.15,,,,3600.0,,650.0,60.0,,2.0,thermal,mixed,controlled_burn
6,7.0,90.0,54.4,False,89.61,0.91,0.04,0.22,0.42,0.15,0.07,1.58,5.91,90.0,2.15,,,,3600.0,,650.0,60.0,,2.0,thermal,mixed,controlled_burn
6,10.0,3.0,17.6,False,89.61,0.91,0.04,0.22,0.42,0.15,0.07,1.58,5.91,90.0,2.15,,,,3600.0,,650.0,60.0,,2.0,thermal,mixed,controlled_burn
6,10.0,7.0,32.6,False,89.61,0.91,0.04,0.22,0.42,0.15,0.07,1.58,5.91,90.0,2.15,,,,3600.0,,650.0,60.0,,2.0,thermal,mixed,controlled_burn
6,10.0,28.0,44.2,False,89.61,0.91,0.04,0.22,0.42,0.15,0.07,1.58,5.91,90.0,2.15,,,,3600.0,,650.0,60.0,,2.0,thermal,mixed,controlled_burn
6,10.0,90.0,59.0,False,89.61,0.91,0.04,0.22,0.42,0.15,0.07,1.58,5.91,90.0,2.15,,,,3600.0,,650.0,60.0,,2.0,thermal,mixed,controlled_burn
6,15.0,3.0,17.9,False,89.61,0.91,0.04,0.22,0.42,0.15,0.07,1.58,5.91,90.0,2.15,,,,3600.0,,650.0,60.0,,2.0,thermal,mixed,controlled_burn
6,15.0,7.0,34.2,False,89.61,0.91,0.04,0.22,0.42,0.15,0.07,1.58,5.91,90.0,2.15,,,,3600.0,,650.0,60.0,,2.0,thermal,mixed,controlled_burn
6,15.0,28.0,46.9,False,89.61,0.91,0.04,0.22,0.42,0.15,0.07,1.58,5.91,90.0,2.15,,,,3600.0,,650.0,60.0,,2.0,thermal,mixed,controlled_burn
6,15.0,90.0,63.2,False,89.61,0.91,0.04,0.22,0.42,0.15,0.07,1.58,5.91,90.0,2.15,,,,3600.0,,650.0,60.0,,2.0,thermal,mixed,controlled_burn
8,5.0,28.0,40.2,False,94.5,0.86,0.345,0.275,0.21,,0.32,1.43,0.2299999999999999,95.0,2120.0,18.0,,74.5,,4.784000000000001,600.0,3.0,90.0,2.0,both,amorphous,burn_other
8,5.0,56.0,43.1,False,94.5,0.86,0.345,0.275,0.21,,0.32,1.43,0.2299999999999999,95.0,2120.0,18.0,,74.5,,4.784000000000001,600.0,3.0,90.0,2.0,both,amorphous,burn_other
8,5.0,90.0,45.0,False,94.5,0.86,0.345,0.275,0.21,,0.32,1.43,0.2299999999999999,95.0,2120.0,18.0,,74.5,,4.784000000000001,600.0,3.0,90.0,2.0,both,amorphous,burn_other
8,5.0,180.0,48.6,False,94.5,0.86,0.345,0.275,0.21,,0.32,1.43,0.2299999999999999,95.0,2120.0,18.0,,74.5,,4.784000000000001,600.0,3.0,90.0,2.0,both,amorphous,burn_other
8,10.0,28.0,33.9,False,94.5,0.86,0.345,0.275,0.21,,0.32,1.43,0.2299999999999999,95.0,2120.0,18.0,,74.5,,4.784000000000001,600.0,3.0,90.0,2.0,both,amorphous,burn_other
8,10.0,56.0,37.4,False,94.5,0.86,0.345,0.275,0.21,,0.32,1.43,0.2299999999999999,95.0,2120.0,18.0,,74.5,,4.784000000000001,600.0,3.0,90.0,2.0,both,amorphous,burn_other
8,10.0,90.0,40.0,False,94.5,0.86,0.345,0.275,0.21,,0.32,1.43,0.2299999999999999,95.0,2120.0,18.0,,74.5,,4.784000000000001,600.0,3.0,90.0,2.0,both,amorphous,burn_other
8,10.0,180.0,42.7,False,94.5,0.86,0.345,0.275,0.21,,0.32,1.43,0.2299999999999999,95.0,2120.0,18.0,,74.5,,4.784000000000001,600.0,3.0,90.0,2.0,both,amorphous,burn_other
8,15.0,28.0,34.4,False,94.5,0.86,0.345,0.275,0.21,,0.32,1.43,0.2299999999999999,95.0,2120.0,18.0,,74.5,,4.784000000000001,600.0,3.0,90.0,2.0,both,amorphous,burn_other
8,15.0,56.0,38.6,False,94.5,0.86,0.345,0.275,0.21,,0.32,1.43,0.2299999999999999,95.0,2120.0,18.0,,74.5,,4.784000000000001,600.0,3.0,90.0,2.0,both,amorphous,burn_other
8,15.0,90.0,41.1,False,94.5,0.86,0.345,0.275,0.21,,0.32,1.43,0.2299999999999999,95.0,2120.0,18.0,,74.5,,4.784000000000001,600.0,3.0,90.0,2.0,both,amorphous,burn_other
8,15.0,180.0,43.5,False,94.5,0.86,0.345,0.275,0.21,,0.32,1.43,0.2299999999999999,95.0,2120.0,18.0,,74.5,,4.784000000000001,600.0,3.0,90.0,2.0,both,amorphous,burn_other
8,20.0,28.0,36.3,False,94.5,0.86,0.345,0.275,0.21,,0.32,1.43,0.2299999999999999,95.0,2120.0,18.0,,74.5,,4.784000000000001,600.0,3.0,90.0,2.0,both,amorphous,burn_other
8,20.0,56.0,40.3,False,94.5,0.86,0.345,0.275,0.21,,0.32,1.43,0.2299999999999999,95.0,2120.0,18.0,,74.5,,4.784000000000001,600.0,3.0,90.0,2.0,both,amorphous,burn_other
8,20.0,90.0,42.3,False,94.5,0.86,0.345,0.275,0.21,,0.32,1.43,0.2299999999999999,95.0,2120.0,18.0,,74.5,,4.784000000000001,600.0,3.0,90.0,2.0,both,amorphous,burn_other
8,20.0,180.0,45.0,False,94.5,0.86,0.345,0.275,0.21,,0.32,1.43,0.2299999999999999,95.0,2120.0,18.0,,74.5,,4.784000000000001,600.0,3.0,90.0,2.0,both,amorphous,burn_other
8,5.0,28.0,41.5,False,94.5,0.86,0.345,0.275,0.21,,0.32,1.43,0.2299999999999999,95.0,2120.0,18.0,,74.5,,4.784000000000001,600.0,3.0,90.0,2.0,both,amorphous,burn_other
8,5.0,56.0,46.5,False,94.5,0.86,0.345,0.275,0.21,,0.32,1.43,0.2299999999999999,95.0,2120.0,18.0,,74.5,,4.784000000000001,600.0,3.0,90.0,2.0,both,amorphous,burn_other
8,5.0,90.0,49.0,False,94.5,0.86,0.345,0.275,0.21,,0.32,1.43,0.2299999999999999,95.0,2120.0,18.0,,74.5,,4.784000000000001,600.0,3.0,90.0,2.0,both,amorphous,burn_other
8,5.0,180.0,51.6,False,94.5,0.86,0.345,0.275,0.21,,0.32,1.43,0.2299999999999999,95.0,2120.0,18.0,,74.5,,4.784000000000001,600.0,3.0,90.0,2.0,both,amorphous,burn_other
8,10.0,28.0,41.8,False,94.5,0.86,0.345,0.275,0.21,,0.32,1.43,0.2299999999999999,95.0,2120.0,18.0,,74.5,,4.784000000000001,600.0,3.0,90.0,2.0,both,amorphous,burn_other
8,10.0,56.0,47.8,False,94.5,0.86,0.345,0.275,0.21,,0.32,1.43,0.2299999999999999,95.0,2120.0,18.0,,74.5,,4.784000000000001,600.0,3.0,90.0,2.0,both,amorphous,burn_other
8,10.0,90.0,50.5,False,94.5,0.86,0.345,0.275,0.21,,0.32,1.43,0.2299999999999999,95.0,2120.0,18.0,,74.5,,4.784000000000001,600.0,3.0,90.0,2.0,both,amorphous,burn_other
8,10.0,180.0,52.8,False,94.5,0.86,0.345,0.275,0.21,,0.32,1.43,0.2299999999999999,95.0,2120.0,18.0,,74.5,,4.784000000000001,600.0,3.0,90.0,2.0,both,amorphous,burn_other
8,15.0,28.0,36.3,False,94.5,0.86,0.345,0.275,0.21,,0.32,1.43,0.2299999999999999,95.0,2120.0,18.0,,74.5,,4.784000000000001,600.0,3.0,90.0,2.0,both,amorphous,burn_other
8,15.0,56.0,40.7,False,94.5,0.86,0.345,0.275,0.21,,0.32,1.43,0.2299999999999999,95.0,2120.0,18.0,,74.5,,4.784000000000001,600.0,3.0,90.0,2.0,both,amorphous,burn_other
8,15.0,90.0,42.7,False,94.5,0.86,0.345,0.275,0.21,,0.32,1.43,0.2299999999999999,95.0,2120.0,18.0,,74.5,,4.784000000000001,600.0,3.0,90.0,2.0,both,amorphous,burn_other
8,15.0,180.0,45.0,False,94.5,0.86,0.345,0.275,0.21,,0.32,1.43,0.2299999999999999,95.0,2120.0,18.0,,74.5,,4.784000000000001,600.0,3.0,90.0,2.0,both,amorphous,burn_other
8,20.0,28.0,33.8,False,94.5,0.86,0.345,0.275,0.21,,0.32,1.43,0.2299999999999999,95.0,2120.0,18.0,,74.5,,4.784000000000001,600.0,3.0,90.0,2.0,both,amorphous,burn_other
8,20.0,56.0,37.4,False,94.5,0.86,0.345,0.275,0.21,,0.32,1.43,0.2299999999999999,95.0,2120.0,18.0,,74.5,,4.784000000000001,600.0,3.0,90.0,2.0,both,amorphous,burn_other
8,20.0,90.0,40.0,False,94.5,0.86,0.345,0.275,0.21,,0.32,1.43,0.2299999999999999,95.0,2120.0,18.0,,74.5,,4.784000000000001,600.0,3.0,90.0,2.0,both,amorphous,burn_other
8,20.0,180.0,42.7,False,94.5,0.86,0.345,0.275,0.21,,0.32,1.43,0.2299999999999999,95.0,2120.0,18.0,,74.5,,4.784000000000001,600.0,3.0,90.0,2.0,both,amorphous,burn_other
8,10.0,28.0,44.0,False,94.5,0.86,0.345,0.275,0.21,,0.32,1.43,0.2299999999999999,95.0,2120.0,18.0,,74.5,,4.784000000000001,600.0,3.0,90.0,2.0,both,amorphous,burn_other
8,10.0,56.0,49.0,False,94.5,0.86,0.345,0.275,0.21,,0.32,1.43,0.2299999999999999,95.0,2120.0,18.0,,74.5,,4.784000000000001,600.0,3.0,90.0,2.0,both,amorphous,burn_other
8,10.0,90.0,52.0,False,94.5,0.86,0.345,0.275,0.21,,0.32,1.43,0.2299999999999999,95.0,2120.0,18.0,,74.5,,4.784000000000001,600.0,3.0,90.0,2.0,both,amorphous,burn_other
8,10.0,180.0,52.0,False,94.5,0.86,0.345,0.275,0.21,,0.32,1.43,0.2299999999999999,95.0,2120.0,18.0,,74.5,,4.784000000000001,600.0,3.0,90.0,2.0,both,amorphous,burn_other
8,10.0,28.0,49.0,False,94.5,0.86,0.345,0.275,0.21,,0.32,1.43,0.2299999999999999,95.0,2120.0,18.0,,74.5,,4.784000000000001,600.0,3.0,90.0,2.0,both,amorphous,burn_other
8,10.0,56.0,55.5,False,94.5,0.86,0.345,0.275,0.21,,0.32,1.43,0.2299999999999999,95.0,2120.0,18.0,,74.5,,4.784000000000001,600.0,3.0,90.0,2.0,both,amorphous,burn_other
8,10.0,90.0,57.0,False,94.5,0.86,0.345,0.275,0.21,,0.32,1.43,0.2299999999999999,95.0,2120.0,18.0,,74.5,,4.784000000000001,600.0,3.0,90.0,2.0,both,amorphous,burn_other
8,10.0,180.0,58.0,False,94.5,0.86,0.345,0.275,0.21,,0.32,1.43,0.2299999999999999,95.0,2120.0,18.0,,74.5,,4.784000000000001,600.0,3.0,90.0,2.0,both,amorphous,burn_other
11,0.0,1.0,46.0,True,88.32,0.67,0.46,0.67,0.44,,1.7066666666666668,2.91,5.81,,2.11,93.71818181818183,16.88571428571429,16.88571428571429,,0.53,690.0,24.0,225.0,2.0,both,amorphous,controlled_burn
13,0.0,7.0,30.5,False,47.5725,1.97875,1.87125,1.9275,2.07125,1.829375,1.79875,2.7731250000000003,3.9275,,2.73,7.391764705882353,,,2583.4444444444443,0.49,700.0,6.0,127.5,2.0,mechanical,crystalline,burn_other
13,0.0,7.0,20.5,False,47.5725,1.97875,1.87125,1.9275,2.07125,1.829375,1.79875,2.7731250000000003,3.9275,,2.73,7.391764705882353,,,2583.4444444444443,0.49,700.0,6.0,127.5,2.0,mechanical,crystalline,burn_other
13,0.0,28.0,41.0,False,47.5725,1.97875,1.87125,1.9275,2.07125,1.829375,1.79875,2.7731250000000003,3.9275,,2.73,7.391764705882353,,,2583.4444444444443,0.49,700.0,6.0,127.5,2.0,mechanical,crystalline,burn_other
13,0.0,28.0,29.0,False,47.5725,1.97875,1.87125,1.9275,2.07125,1.829375,1.79875,2.7731250000000003,3.9275,,2.73,7.391764705882353,,,2583.4444444444443,0.49,700.0,6.0,127.5,2.0,mechanical,crystalline,burn_other
14,10.0,1.0,41.0,False,91.0,,0.35,0.41,0.81,1.21,0.08,3.21,8.5,,2.06,49.5,,,,0.3499999999999999,700.0,,30.5,,mechanical,mixed,controlled_burn
14,10.0,3.0,59.0,False,91.0,,0.35,0.41,0.81,1.21,0.08,3.21,8.5,,2.06,49.5,,,,0.3499999999999999,700.0,,30.5,,mechanical,mixed,controlled_burn
14,10.0,7.0,62.0,False,91.0,,0.35,0.41,0.81,1.21,0.08,3.21,8.5,,2.06,49.5,,,,0.3499999999999999,700.0,,30.5,,mechanical,mixed,controlled_burn
14,10.0,14.0,63.0,False,91.0,,0.35,0.41,0.81,1.21,0.08,3.21,8.5,,2.06,49.5,,,,0.3499999999999999,700.0,,30.5,,mechanical,mixed,controlled_burn
14,10.0,28.0,66.0,False,91.0,,0.35,0.41,0.81,1.21,0.08,3.21,8.5,,2.06,49.5,,,,0.3499999999999999,700.0,,30.5,,mechanical,mixed,controlled_burn
14,10.0,56.0,69.0,False,91.0,,0.35,0.41,0.81,1.21,0.08,3.21,8.5,,2.06,49.5,,,,0.3499999999999999,700.0,,30.5,,mechanical,mixed,controlled_burn
14,10.0,91.0,74.0,False,91.0,,0.35,0.41,0.81,1.21,0.08,3.21,8.5,,2.06,49.5,,,,0.3499999999999999,700.0,,30.5,,mechanical,mixed,controlled_burn
14,30.0,1.0,30.0,False,91.0,,0.35,0.41,0.81,1.21,0.08,3.21,8.5,,2.06,49.5,,,,0.3499999999999999,700.0,,30.5,,mechanical,mixed,controlled_burn
14,10.0,3.0,50.0,False,91.0,,0.35,0.41,0.81,1.21,0.08,3.21,8.5,,2.06,49.5,,,,0.3499999999999999,700.0,,30.5,,mechanical,mixed,controlled_burn
14,10.0,7.0,46.0,False,91.0,,0.35,0.41,0.81,1.21,0.08,3.21,8.5,,2.06,49.5,,,,0.3499999999999999,700.0,,30.5,,mechanical,mixed,controlled_burn
14,10.0,14.0,54.0,False,91.0,,0.35,0.41,0.81,1.21,0.08,3.21,8.5,,2.06,49.5,,,,0.3499999999999999,700.0,,30.5,,mechanical,mixed,controlled_burn
14,10.0,28.0,56.0,False,91.0,,0.35,0.41,0.81,1.21,0.08,3.21,8.5,,2.06,49.5,,,,0.3499999999999999,700.0,,30.5,,mechanical,mixed,controlled_burn
14,10.0,56.0,60.0,False,91.0,,0.35,0.41,0.81,1.21,0.08,3.21,8.5,,2.06,49.5,,,,0.3499999999999999,700.0,,30.5,,mechanical,mixed,controlled_burn
14,10.0,91.0,67.0,False,91.0,,0.35,0.41,0.81,1.21,0.08,3.21,8.5,,2.06,49.5,,,,0.3499999999999999,700.0,,30.5,,mechanical,mixed,controlled_burn
14,10.0,1.0,27.0,False,91.0,,0.35,0.41,0.81,1.21,0.08,3.21,8.5,,2.06,49.5,,,,0.3499999999999999,700.0,,30.5,,mechanical,mixed,controlled_burn
14,10.0,3.0,47.0,False,91.0,,0.35,0.41,0.81,1.21,0.08,3.21,8.5,,2.06,49.5,,,,0.3499999999999999,700.0,,30.5,,mechanical,mixed,controlled_burn
14,10.0,7.0,41.0,False,91.0,,0.35,0.41,0.81,1.21,0.08,3.21,8.5,,2.06,49.5,,,,0.3499999999999999,700.0,,30.5,,mechanical,mixed,controlled_burn
14,10.0,14.0,52.0,False,91.0,,0.35,0.41,0.81,1.21,0.08,3.21,8.5,,2.06,49.5,,,,0.3499999999999999,700.0,,30.5,,mechanical,mixed,controlled_burn
14,10.0,28.0,61.0,False,91.0,,0.35,0.41,0.81,1.21,0.08,3.21,8.5,,2.06,49.5,,,,0.3499999999999999,700.0,,30.5,,mechanical,mixed,controlled_burn
14,10.0,56.0,62.0,False,91.0,,0.35,0.41,0.81,1.21,0.08,3.21,8.5,,2.06,49.5,,,,0.3499999999999999,700.0,,30.5,,mechanical,mixed,controlled_burn
14,20.0,1.0,26.0,False,91.0,,0.35,0.41,0.81,1.21,0.08,3.21,8.5,,2.06,49.5,,,,0.3499999999999999,700.0,,30.5,,mechanical,mixed,controlled_burn
14,20.0,3.0,38.0,False,91.0,,0.35,0.41,0.81,1.21,0.08,3.21,8.5,,2.06,49.5,,,,0.3499999999999999,700.0,,30.5,,mechanical,mixed,controlled_burn
14,20.0,7.0,47.0,False,91.0,,0.35,0.41,0.81,1.21,0.08,3.21,8.5,,2.06,49.5,,,,0.3499999999999999,700.0,,30.5,,mechanical,mixed,controlled_burn
14,20.0,14.0,52.0,False,91.0,,0.35,0.41,0.81,1.21,0.08,3.21,8.5,,2.06,49.5,,,,0.3499999999999999,700.0,,30.5,,mechanical,mixed,controlled_burn
14,20.0,28.0,60.0,False,91.0,,0.35,0.41,0.81,1.21,0.08,3.21,8.5,,2.06,49.5,,,,0.3499999999999999,700.0,,30.5,,mechanical,mixed,controlled_burn
14,20.0,56.0,61.0,False,91.0,,0.35,0.41,0.81,1.21,0.08,3.21,8.5,,2.06,49.5,,,,0.3499999999999999,700.0,,30.5,,mechanical,mixed,controlled_burn
14,20.0,91.0,69.0,False,91.0,,0.35,0.41,0.81,1.21,0.08,3.21,8.5,,2.06,49.5,,,,0.3499999999999999,700.0,,30.5,,mechanical,mixed,controlled_burn
14,30.0,1.0,19.0,False,91.0,,0.35,0.41,0.81,1.21,0.08,3.21,8.5,,2.06,49.5,,,,0.3499999999999999,700.0,,30.5,,mechanical,mixed,controlled_burn
14,30.0,3.0,32.0,False,91.0,,0.35,0.41,0.81,1.21,0.08,3.21,8.5,,2.06,49.5,,,,0.3499999999999999,700.0,,30.5,,mechanical,mixed,controlled_burn
14,30.0,7.0,43.0,False,91.0,,0.35,0.41,0.81,1.21,0.08,3.21,8.5,,2.06,49.5,,,,0.3499999999999999,700.0,,30.5,,mechanical,mixed,controlled_burn
14,30.0,14.0,51.0,False,91.0,,0.35,0.41,0.81,1.21,0.08,3.21,8.5,,2.06,49.5,,,,0.3499999999999999,700.0,,30.5,,mechanical,mixed,controlled_burn
14,30.0,28.0,54.0,False,91.0,,0.35,0.41,0.81,1.21,0.08,3.21,8.5,,2.06,49.5,,,,0.3499999999999999,700.0,,30.5,,mechanical,mixed,controlled_burn
14,30.0,56.0,60.0,False,91.0,,0.35,0.41,0.81,1.21,0.08,3.21,8.5,,2.06,49.5,,,,0.3499999999999999,700.0,,30.5,,mechanical,mixed,controlled_burn
14,30.0,91.0,64.0,False,91.0,,0.35,0.41,0.81,1.21,0.08,3.21,8.5,,2.06,49.5,,,,0.3499999999999999,700.0,,30.5,,mechanical,mixed,controlled_burn
14,10.0,1.0,16.0,False,91.0,,0.35,0.41,0.81,1.21,0.08,3.21,8.5,,2.06,49.5,,,,0.3499999999999999,700.0,,30.5,,mechanical,mixed,controlled_burn
14,10.0,3.0,26.0,False,91.0,,0.35,0.41,0.81,1.21,0.08,3.21,8.5,,2.06,49.5,,,,0.3499999999999999,700.0,,30.5,,mechanical,mixed,controlled_burn
14,10.0,7.0,37.0,False,91.0,,0.35,0.41,0.81,1.21,0.08,3.21,8.5,,2.06,49.5,,,,0.3499999999999999,700.0,,30.5,,mechanical,mixed,controlled_burn
14,10.0,14.0,40.0,False,91.0,,0.35,0.41,0.81,1.21,0.08,3.21,8.5,,2.06,49.5,,,,0.3499999999999999,700.0,,30.5,,mechanical,mixed,controlled_burn
14,10.0,28.0,47.0,False,91.0,,0.35,0.41,0.81,1.21,0.08,3.21,8.5,,2.06,49.5,,,,0.3499999999999999,700.0,,30.5,,mechanical,mixed,controlled_burn
14,10.0,56.0,51.0,False,91.0,,0.35,0.41,0.81,1.21,0.08,3.21,8.5,,2.06,49.5,,,,0.3499999999999999,700.0,,30.5,,mechanical,mixed,controlled_burn
14,10.0,91.0,56.0,False,91.0,,0.35,0.41,0.81,1.21,0.08,3.21,8.5,,2.06,49.5,,,,0.3499999999999999,700.0,,30.5,,mechanical,mixed,controlled_burn
15,0.0,7.0,37.2,False,82.5,,,,,,,,,,2.27,,,,,22.6775,,,,2.0,,,burn_other
15,5.0,7.0,35.34,False,82.5,,,,,,,,,,2.27,,,,,22.6775,,,,2.0,,,burn_other
15,10.0,7.0,34.12,False,82.5,,,,,,,,,,2.27,,,,,22.6775,,,,2.0,,,burn_other
15,15.0,7.0,30.36,False,82.5,,,,,,,,,,2.27,,,,,22.6775,,,,2.0,,,burn_other
15,0.0,28.0,50.8,False,82.5,,,,,,,,,,2.27,,,,,22.6775,,,,2.0,,,burn_other
15,5.0,28.0,48.26,False,82.5,,,,,,,,,,2.27,,,,,22.6775,,,,2.0,,,burn_other
15,10.0,28.0,44.72,False,82.5,,,,,,,,,,2.27,,,,,22.6775,,,,2.0,,,burn_other
15,15.0,28.0,43.18,False,82.5,,,,,,,,,,2.27,,,,,22.6775,,,,2.0,,,burn_other
15,0.0,90.0,51.74,False,82.5,,,,,,,,,,2.27,,,,,22.6775,,,,2.0,,,burn_other
15,5.0,90.0,49.15,False,82.5,,,,,,,,,,2.27,,,,,22.6775,,,,2.0,,,burn_other
15,10.0,90.0,47.08,False,82.5,,,,,,,,,,2.27,,,,,22.6775,,,,2.0,,,burn_other
15,15.0,90.0,45.04,False,82.5,,,,,,,,,,2.27,,,,,22.6775,,,,2.0,,,burn_other
15,0.0,7.0,48.31,False,82.5,,,,,,,,,,2.27,,,,,22.6775,,,,2.0,,,burn_other
15,5.0,7.0,42.0,False,82.5,,,,,,,,,,2.27,,,,,22.6775,,,,2.0,,,burn_other
15,10.0,7.0,38.4,False,82.5,,,,,,,,,,2.27,,,,,22.6775,,,,2.0,,,burn_other
15,15.0,7.0,37.37,False,82.5,,,,,,,,,,2.27,,,,,22.6775,,,,2.0,,,burn_other
15,0.0,28.0,59.37,False,82.5,,,,,,,,,,2.27,,,,,22.6775,,,,2.0,,,burn_other
15,5.0,28.0,56.4,False,82.5,,,,,,,,,,2.27,,,,,22.6775,,,,2.0,,,burn_other
15,10.0,28.0,53.43,False,82.5,,,,,,,,,,2.27,,,,,22.6775,,,,2.0,,,burn_other
15,15.0,28.0,50.46,False,82.5,,,,,,,,,,2.27,,,,,22.6775,,,,2.0,,,burn_other
15,0.0,90.0,62.5,False,82.5,,,,,,,,,,2.27,,,,,22.6775,,,,2.0,,,burn_other
15,5.0,90.0,58.36,False,82.5,,,,,,,,,,2.27,,,,,22.6775,,,,2.0,,,burn_other
15,10.0,90.0,56.4,False,82.5,,,,,,,,,,2.27,,,,,22.6775,,,,2.0,,,burn_other
15,15.0,90.0,52.5,False,82.5,,,,,,,,,,2.27,,,,,22.6775,,,,2.0,,,burn_other
16,0.0,28.0,35.4,False,90.9,0.8,0.83,0.6,0.56,,,,,,,,,,376.8,0.53,,,,,mechanical,mixed,uncontrolled_burn
16,0.0,90.0,43.5,False,90.9,0.8,0.83,0.6,0.56,,,,,,,,,,376.8,0.53,,,,,mechanical,mixed,uncontrolled_burn
16,0.0,270.0,46.0,False,90.9,0.8,0.83,0.6,0.56,,,,,,,,,,376.8,0.53,,,,,mechanical,mixed,uncontrolled_burn
16,0.0,360.0,47.0,False,90.9,0.8,0.83,0.6,0.56,,,,,,,,,,376.8,0.53,,,,,mechanical,mixed,uncontrolled_burn
16,5.0,28.0,33.6,False,90.9,0.8,0.83,0.6,0.56,,,,,,,,,,376.8,0.53,,,,,mechanical,mixed,uncontrolled_burn
16,10.0,28.0,32.4,False,90.9,0.8,0.83,0.6,0.56,,,,,,,,,,376.8,0.53,,,,,mechanical,mixed,uncontrolled_burn
16,15.0,28.0,32.1,False,90.9,0.8,0.83,0.6,0.56,,,,,,,,,,376.8,0.53,,,,,mechanical,mixed,uncontrolled_burn
16,15.0,90.0,42.5,False,90.9,0.8,0.83,0.6,0.56,,,,,,,,,,376.8,0.53,,,,,mechanical,mixed,uncontrolled_burn
16,15.0,270.0,46.4,False,90.9,0.8,0.83,0.6,0.56,,,,,,,,,,376.8,0.53,,,,,mechanical,mixed,uncontrolled_burn
16,15.0,360.0,47.5,False,90.9,0.8,0.83,0.6,0.56,,,,,,,,,,376.8,0.53,,,,,mechanical,mixed,uncontrolled_burn
16,20.0,28.0,30.8,False,90.9,0.8,0.83,0.6,0.56,,,,,,,,,,376.8,0.53,,,,,mechanical,mixed,uncontrolled_burn
16,20.0,90.0,41.7,False,90.9,0.8,0.83,0.6,0.56,,,,,,,,,,376.8,0.53,,,,,mechanical,mixed,uncontrolled_burn
16,20.0,270.0,46.7,False,90.9,0.8,0.83,0.6,0.56,,,,,,,,,,376.8,0.53,,,,,mechanical,mixed,uncontrolled_burn
16,20.0,360.0,47.8,False,90.9,0.8,0.83,0.6,0.56,,,,,,,,,,376.8,0.53,,,,,mechanical,mixed,uncontrolled_burn
16,25.0,28.0,29.7,False,90.9,0.8,0.83,0.6,0.56,,,,,,,,,,376.8,0.53,,,,,mechanical,mixed,uncontrolled_burn
16,25.0,90.0,38.5,False,90.9,0.8,0.83,0.6,0.56,,,,,,,,,,376.8,0.53,,,,,mechanical,mixed,uncontrolled_burn
16,25.0,270.0,45.6,False,90.9,0.8,0.83,0.6,0.56,,,,,,,,,,376.8,0.53,,,,,mechanical,mixed,uncontrolled_burn
16,25.0,360.0,43.7,False,90.9,0.8,0.83,0.6,0.56,,,,,,,,,,376.8,0.53,,,,,mechanical,mixed,uncontrolled_burn
16,30.0,28.0,26.6,False,90.9,0.8,0.83,0.6,0.56,,,,,,,,,,376.8,0.53,,,,,mechanical,mixed,uncontrolled_burn
17,10.0,3.0,134.5,False,91.32,,,,,,,,3.81,87.96,,6.583333333333333,250.0,,,0.19,,,90.0,2.0,mechanical,amorphous,uncontrolled_burn
17,10.0,7.0,152.0,False,91.32,,,,,,,,3.81,87.96,,6.583333333333333,250.0,,,0.19,,,90.0,2.0,mechanical,amorphous,uncontrolled_burn
17,10.0,28.0,165.0,False,91.32,,,,,,,,3.81,87.96,,6.583333333333333,250.0,,,0.19,,,90.0,2.0,mechanical,amorphous,uncontrolled_burn
17,10.0,91.0,178.0,False,91.32,,,,,,,,3.81,87.96,,6.583333333333333,250.0,,,0.19,,,90.0,2.0,mechanical,amorphous,uncontrolled_burn
17,20.0,3.0,122.0,False,91.32,,,,,,,,3.81,87.96,,6.583333333333333,250.0,,,0.19,,,90.0,2.0,mechanical,amorphous,uncontrolled_burn
17,20.0,7.0,143.0,False,91.32,,,,,,,,3.81,87.96,,6.583333333333333,250.0,,,0.19,,,90.0,2.0,mechanical,amorphous,uncontrolled_burn
17,20.0,28.0,175.0,False,91.32,,,,,,,,3.81,87.96,,6.583333333333333,250.0,,,0.19,,,90.0,2.0,mechanical,amorphous,uncontrolled_burn
17,20.0,91.0,186.0,False,91.32,,,,,,,,3.81,87.96,,6.583333333333333,250.0,,,0.19,,,90.0,2.0,mechanical,amorphous,uncontrolled_burn
17,10.0,3.0,123.0,False,91.32,,,,,,,,3.81,87.96,,6.583333333333333,250.0,,,0.19,,,90.0,2.0,mechanical,amorphous,uncontrolled_burn
17,10.0,28.0,170.0,False,91.32,,,,,,,,3.81,87.96,,6.583333333333333,250.0,,,0.19,,,90.0,2.0,mechanical,amorphous,uncontrolled_burn
17,10.0,91.0,194.0,False,91.32,,,,,,,,3.81,87.96,,6.583333333333333,250.0,,,0.19,,,90.0,2.0,mechanical,amorphous,uncontrolled_burn
17,10.0,3.0,135.5,False,91.32,,,,,,,,3.81,87.96,,6.583333333333333,250.0,,,0.19,,,90.0,2.0,mechanical,amorphous,uncontrolled_burn
17,10.0,7.0,159.5,False,91.32,,,,,,,,3.81,87.96,,6.583333333333333,250.0,,,0.19,,,90.0,2.0,mechanical,amorphous,uncontrolled_burn
17,10.0,28.0,185.5,False,91.32,,,,,,,,3.81,87.96,,6.583333333333333,250.0,,,0.19,,,90.0,2.0,mechanical,amorphous,uncontrolled_burn
17,10.0,91.0,205.5,False,91.32,,,,,,,,3.81,87.96,,6.583333333333333,250.0,,,0.19,,,90.0,2.0,mechanical,amorphous,uncontrolled_burn
17,10.0,3.0,105.0,False,91.32,,,,,,,,3.81,87.96,,6.583333333333333,250.0,,,0.19,,,90.0,2.0,mechanical,amorphous,uncontrolled_burn
17,10.0,7.0,136.0,False,91.32,,,,,,,,3.81,87.96,,6.583333333333333,250.0,,,0.19,,,90.0,2.0,mechanical,amorphous,uncontrolled_burn
17,10.0,91.0,171.5,False,91.32,,,,,,,,3.81,87.96,,6.583333333333333,250.0,,,0.19,,,90.0,2.0,mechanical,amorphous,uncontrolled_burn
17,10.0,3.0,85.5,False,91.32,,,,,,,,3.81,87.96,,6.583333333333333,250.0,,,0.19,,,90.0,2.0,mechanical,amorphous,uncontrolled_burn
17,10.0,7.0,118.5,False,91.32,,,,,,,,3.81,87.96,,6.583333333333333,250.0,,,0.19,,,90.0,2.0,mechanical,amorphous,uncontrolled_burn
17,10.0,28.0,154.0,False,91.32,,,,,,,,3.81,87.96,,6.583333333333333,250.0,,,0.19,,,90.0,2.0,mechanical,amorphous,uncontrolled_burn
17,10.0,91.0,167.0,False,91.32,,,,,,,,3.81,87.96,,6.583333333333333,250.0,,,0.19,,,90.0,2.0,mechanical,amorphous,uncontrolled_burn
17,20.0,1.0,96.0,False,91.32,,,,,,,,3.81,87.96,,6.583333333333333,250.0,,,0.19,,,90.0,2.0,mechanical,amorphous,uncontrolled_burn
17,20.0,3.0,147.0,False,91.32,,,,,,,,3.81,87.96,,6.583333333333333,250.0,,,0.19,,,90.0,2.0,mechanical,amorphous,uncontrolled_burn
17,20.0,7.0,155.0,False,91.32,,,,,,,,3.81,87.96,,6.583333333333333,250.0,,,0.19,,,90.0,2.0,mechanical,amorphous,uncontrolled_burn
17,20.0,28.0,180.0,False,91.32,,,,,,,,3.81,87.96,,6.583333333333333,250.0,,,0.19,,,90.0,2.0,mechanical,amorphous,uncontrolled_burn
17,20.0,91.0,205.0,False,91.32,,,,,,,,3.81,87.96,,6.583333333333333,250.0,,,0.19,,,90.0,2.0,mechanical,amorphous,uncontrolled_burn
17,20.0,1.0,81.0,False,91.32,,,,,,,,3.81,87.96,,6.583333333333333,250.0,,,0.19,,,90.0,2.0,mechanical,amorphous,uncontrolled_burn
17,20.0,1.0,80.0,False,91.32,,,,,,,,3.81,87.96,,6.583333333333333,250.0,,,0.19,,,90.0,2.0,mechanical,amorphous,uncontrolled_burn
17,20.0,3.0,102.0,False,91.32,,,,,,,,3.81,87.96,,6.583333333333333,250.0,,,0.19,,,90.0,2.0,mechanical,amorphous,uncontrolled_burn
17,20.0,7.0,135.0,False,91.32,,,,,,,,3.81,87.96,,6.583333333333333,250.0,,,0.19,,,90.0,2.0,mechanical,amorphous,uncontrolled_burn
17,20.0,28.0,161.0,False,91.32,,,,,,,,3.81,87.96,,6.583333333333333,250.0,,,0.19,,,90.0,2.0,mechanical,amorphous,uncontrolled_burn
17,20.0,91.0,178.0,False,91.32,,,,,,,,3.81,87.96,,6.583333333333333,250.0,,,0.19,,,90.0,2.0,mechanical,amorphous,uncontrolled_burn
17,20.0,1.0,51.0,False,91.32,,,,,,,,3.81,87.96,,6.583333333333333,250.0,,,0.19,,,90.0,2.0,mechanical,amorphous,uncontrolled_burn
17,20.0,3.0,96.0,False,91.32,,,,,,,,3.81,87.96,,6.583333333333333,250.0,,,0.19,,,90.0,2.0,mechanical,amorphous,uncontrolled_burn
17,20.0,7.0,115.0,False,91.32,,,,,,,,3.81,87.96,,6.583333333333333,250.0,,,0.19,,,90.0,2.0,mechanical,amorphous,uncontrolled_burn
17,20.0,28.0,134.0,False,91.32,,,,,,,,3.81,87.96,,6.583333333333333,250.0,,,0.19,,,90.0,2.0,mechanical,amorphous,uncontrolled_burn
17,20.0,91.0,156.0,False,91.32,,,,,,,,3.81,87.96,,6.583333333333333,250.0,,,0.19,,,90.0,2.0,mechanical,amorphous,uncontrolled_burn
19,15.0,28.0,33.3,False,94.94,1.285,0.345,0.49,0.425,0.01,0.1,1.4249999999999998,0.38,,,36.66666666666666,,,,0.55,,,1.0,2.0,mechanical,mixed,uncontrolled_burn
19,15.0,28.0,30.3,False,94.94,1.285,0.345,0.49,0.425,0.01,0.1,1.4249999999999998,0.38,,,36.66666666666666,,,,0.55,,,1.0,2.0,mechanical,mixed,uncontrolled_burn
21,0.0,3.0,13.4,False,86.75,0.4499999999999999,0.895,2.435,0.55,,,,4.925,,2.1,,,,,0.798,800.0,,,,both,mixed,controlled_burn
21,0.0,3.0,16.08,False,86.75,0.4499999999999999,0.895,2.435,0.55,,,,4.925,,2.1,,,,,0.798,800.0,,,,both,mixed,controlled_burn
21,0.0,7.0,21.34,False,86.75,0.4499999999999999,0.895,2.435,0.55,,,,4.925,,2.1,,,,,0.798,800.0,,,,both,mixed,controlled_burn
21,25.0,3.0,5.97,False,86.75,0.4499999999999999,0.895,2.435,0.55,,,,4.925,,2.1,,,,,0.798,800.0,,,,both,mixed,controlled_burn
21,25.0,3.0,8.31,False,86.75,0.4499999999999999,0.895,2.435,0.55,,,,4.925,,2.1,,,,,0.798,800.0,,,,both,mixed,controlled_burn
21,25.0,3.0,10.86,False,86.75,0.4499999999999999,0.895,2.435,0.55,,,,4.925,,2.1,,,,,0.798,800.0,,,,both,mixed,controlled_burn
21,25.0,3.0,15.38,False,86.75,0.4499999999999999,0.895,2.435,0.55,,,,4.925,,2.1,,,,,0.798,800.0,,,,both,mixed,controlled_burn
21,40.0,3.0,4.28,False,86.75,0.4499999999999999,0.895,2.435,0.55,,,,4.925,,2.1,,,,,0.798,800.0,,,,both,mixed,controlled_burn
21,40.0,3.0,6.57,False,86.75,0.4499999999999999,0.895,2.435,0.55,,,,4.925,,2.1,,,,,0.798,800.0,,,,both,mixed,controlled_burn
21,40.0,3.0,8.52,False,86.75,0.4499999999999999,0.895,2.435,0.55,,,,4.925,,2.1,,,,,0.798,800.0,,,,both,mixed,controlled_burn
21,40.0,3.0,11.46,False,86.75,0.4499999999999999,0.895,2.435,0.55,,,,4.925,,2.1,,,,,0.798,800.0,,,,both,mixed,controlled_burn
21,50.0,3.0,4.68,False,86.75,0.4499999999999999,0.895,2.435,0.55,,,,4.925,,2.1,,,,,0.798,800.0,,,,both,mixed,controlled_burn
21,50.0,3.0,3.06,False,86.75,0.4499999999999999,0.895,2.435,0.55,,,,4.925,,2.1,,,,,0.798,800.0,,,,both,mixed,controlled_burn
21,50.0,3.0,6.72,False,86.75,0.4499999999999999,0.895,2.435,0.55,,,,4.925,,2.1,,,,,0.798,800.0,,,,both,mixed,controlled_burn
21,50.0,3.0,8.92,False,86.75,0.4499999999999999,0.895,2.435,0.55,,,,4.925,,2.1,,,,,0.798,800.0,,,,both,mixed,controlled_burn
21,0.0,7.0,13.4,False,86.75,0.4499999999999999,0.895,2.435,0.55,,,,4.925,,2.1,,,,,0.798,800.0,,,,both,mixed,controlled_burn
21,0.0,7.0,16.08,False,86.75,0.4499999999999999,0.895,2.435,0.55,,,,4.925,,2.1,,,,,0.798,800.0,,,,both,mixed,controlled_burn
21,25.0,7.0,12.27,False,86.75,0.4499999999999999,0.895,2.435,0.55,,,,4.925,,2.1,,,,,0.798,800.0,,,,both,mixed,controlled_burn
21,25.0,7.0,15.28,False,86.75,0.4499999999999999,0.895,2.435,0.55,,,,4.925,,2.1,,,,,0.798,800.0,,,,both,mixed,controlled_burn
21,25.0,7.0,21.1,False,86.75,0.4499999999999999,0.895,2.435,0.55,,,,4.925,,2.1,,,,,0.798,800.0,,,,both,mixed,controlled_burn
21,40.0,7.0,9.79,False,86.75,0.4499999999999999,0.895,2.435,0.55,,,,4.925,,2.1,,,,,0.798,800.0,,,,both,mixed,controlled_burn
21,40.0,7.0,12.06,False,86.75,0.4499999999999999,0.895,2.435,0.55,,,,4.925,,2.1,,,,,0.798,800.0,,,,both,mixed,controlled_burn
21,40.0,7.0,17.1,False,86.75,0.4499999999999999,0.895,2.435,0.55,,,,4.925,,2.1,,,,,0.798,800.0,,,,both,mixed,controlled_burn
21,0.0,70.0,42.0,True,86.75,0.4499999999999999,0.895,2.435,0.55,,,,4.925,,2.1,,,,,0.798,800.0,,,,both,mixed,controlled_burn
21,25.0,70.0,47.0,True,86.75,0.4499999999999999,0.895,2.435,0.55,,,,4.925,,2.1,,,,,0.798,800.0,,,,both,mixed,controlled_burn
21,30.0,70.0,45.0,True,86.75,0.4499999999999999,0.895,2.435,0.55,,,,4.925,,2.1,,,,,0.798,800.0,,,,both,mixed,controlled_burn
21,40.0,70.0,41.0,True,86.75,0.4499999999999999,0.895,2.435,0.55,,,,4.925,,2.1,,,,,0.798,800.0,,,,both,mixed,controlled_burn
21,0.0,70.0,20.0,True,86.75,0.4499999999999999,0.895,2.435,0.55,,,,4.925,,2.1,,,,,0.798,800.0,,,,both,mixed,controlled_burn
21,25.0,70.0,21.5,True,86.75,0.4499999999999999,0.895,2.435,0.55,,,,4.925,,2.1,,,,,0.798,800.0,,,,both,mixed,controlled_burn
21,30.0,70.0,20.5,True,86.75,0.4499999999999999,0.895,2.435,0.55,,,,4.925,,2.1,,,,,0.798,800.0,,,,both,mixed,controlled_burn
21,40.0,70.0,19.0,True,86.75,0.4499999999999999,0.895,2.435,0.55,,,,4.925,,2.1,,,,,0.798,800.0,,,,both,mixed,controlled_burn
22,0.0,7.0,27.0,False,75.0,3.3,1.29,0.78,0.22,,0.4,1.5,3.67,,2.53,,,,,0.38,,,,,,,controlled_burn
22,10.0,7.0,18.0,False,75.0,3.3,1.29,0.78,0.22,,0.4,1.5,3.67,,2.53,,,,,0.38,,,,,,,controlled_burn
22,20.0,7.0,14.0,False,75.0,3.3,1.29,0.78,0.22,,0.4,1.5,3.67,,2.53,,,,,0.38,,,,,,,controlled_burn
22,30.0,7.0,11.0,False,75.0,3.3,1.29,0.78,0.22,,0.4,1.5,3.67,,2.53,,,,,0.38,,,,,,,controlled_burn
22,40.0,7.0,9.0,False,75.0,3.3,1.29,0.78,0.22,,0.4,1.5,3.67,,2.53,,,,,0.38,,,,,,,controlled_burn
22,0.0,28.0,38.8,False,75.0,3.3,1.29,0.78,0.22,,0.4,1.5,3.67,,2.53,,,,,0.38,,,,,,,controlled_burn
22,10.0,28.0,32.0,False,75.0,3.3,1.29,0.78,0.22,,0.4,1.5,3.67,,2.53,,,,,0.38,,,,,,,controlled_burn
22,20.0,28.0,24.0,False,75.0,3.3,1.29,0.78,0.22,,0.4,1.5,3.67,,2.53,,,,,0.38,,,,,,,controlled_burn
22,30.0,28.0,20.0,False,75.0,3.3,1.29,0.78,0.22,,0.4,1.5,3.67,,2.53,,,,,0.38,,,,,,,controlled_burn
22,40.0,28.0,17.0,False,75.0,3.3,1.29,0.78,0.22,,0.4,1.5,3.67,,2.53,,,,,0.38,,,,,,,controlled_burn
22,0.0,56.0,42.0,False,75.0,3.3,1.29,0.78,0.22,,0.4,1.5,3.67,,2.53,,,,,0.38,,,,,,,controlled_burn
22,10.0,56.0,36.0,False,75.0,3.3,1.29,0.78,0.22,,0.4,1.5,3.67,,2.53,,,,,0.38,,,,,,,controlled_burn
22,20.0,56.0,30.0,False,75.0,3.3,1.29,0.78,0.22,,0.4,1.5,3.67,,2.53,,,,,0.38,,,,,,,controlled_burn
22,30.0,56.0,25.0,False,75.0,3.3,1.29,0.78,0.22,,0.4,1.5,3.67,,2.53,,,,,0.38,,,,,,,controlled_burn
22,40.0,56.0,22.0,False,75.0,3.3,1.29,0.78,0.22,,0.4,1.5,3.67,,2.53,,,,,0.38,,,,,,,controlled_burn
22,0.0,90.0,44.0,False,75.0,3.3,1.29,0.78,0.22,,0.4,1.5,3.67,,2.53,,,,,0.38,,,,,,,controlled_burn
22,10.0,90.0,39.0,False,75.0,3.3,1.29,0.78,0.22,,0.4,1.5,3.67,,2.53,,,,,0.38,,,,,,,controlled_burn
22,20.0,90.0,33.0,False,75.0,3.3,1.29,0.78,0.22,,0.4,1.5,3.67,,2.53,,,,,0.38,,,,,,,controlled_burn
22,30.0,90.0,29.0,False,75.0,3.3,1.29,0.78,0.22,,0.4,1.5,3.67,,2.53,,,,,0.38,,,,,,,controlled_burn
22,40.0,90.0,26.0,False,75.0,3.3,1.29,0.78,0.22,,0.4,1.5,3.67,,2.53,,,,,0.38,,,,,,,controlled_burn
22,0.0,7.0,29.0,False,75.0,3.3,1.29,0.78,0.22,,0.4,1.5,3.67,,2.53,,,,,0.38,,,,,,,controlled_burn
22,10.0,7.0,20.0,False,75.0,3.3,1.29,0.78,0.22,,0.4,1.5,3.67,,2.53,,,,,0.38,,,,,,,controlled_burn
22,20.0,7.0,16.0,False,75.0,3.3,1.29,0.78,0.22,,0.4,1.5,3.67,,2.53,,,,,0.38,,,,,,,controlled_burn
22,30.0,7.0,14.0,False,75.0,3.3,1.29,0.78,0.22,,0.4,1.5,3.67,,2.53,,,,,0.38,,,,,,,controlled_burn
22,40.0,7.0,13.0,False,75.0,3.3,1.29,0.78,0.22,,0.4,1.5,3.67,,2.53,,,,,0.38,,,,,,,controlled_burn
22,0.0,28.0,41.0,False,75.0,3.3,1.29,0.78,0.22,,0.4,1.5,3.67,,2.53,,,,,0.38,,,,,,,controlled_burn
22,10.0,28.0,34.0,False,75.0,3.3,1.29,0.78,0.22,,0.4,1.5,3.67,,2.53,,,,,0.38,,,,,,,controlled_burn
22,20.0,28.0,29.0,False,75.0,3.3,1.29,0.78,0.22,,0.4,1.5,3.67,,2.53,,,,,0.38,,,,,,,controlled_burn
22,30.0,28.0,25.0,False,75.0,3.3,1.29,0.78,0.22,,0.4,1.5,3.67,,2.53,,,,,0.38,,,,,,,controlled_burn
22,40.0,28.0,23.0,False,75.0,3.3,1.29,0.78,0.22,,0.4,1.5,3.67,,2.53,,,,,0.38,,,,,,,controlled_burn
22,0.0,56.0,45.0,False,75.0,3.3,1.29,0.78,0.22,,0.4,1.5,3.67,,2.53,,,,,0.38,,,,,,,controlled_burn
22,10.0,56.0,39.0,False,75.0,3.3,1.29,0.78,0.22,,0.4,1.5,3.67,,2.53,,,,,0.38,,,,,,,controlled_burn
22,20.0,56.0,34.5,False,75.0,3.3,1.29,0.78,0.22,,0.4,1.5,3.67,,2.53,,,,,0.38,,,,,,,controlled_burn
22,30.0,56.0,31.0,False,75.0,3.3,1.29,0.78,0.22,,0.4,1.5,3.67,,2.53,,,,,0.38,,,,,,,controlled_burn
22,40.0,56.0,28.0,False,75.0,3.3,1.29,0.78,0.22,,0.4,1.5,3.67,,2.53,,,,,0.38,,,,,,,controlled_burn
22,0.0,90.0,47.0,False,75.0,3.3,1.29,0.78,0.22,,0.4,1.5,3.67,,2.53,,,,,0.38,,,,,,,controlled_burn
22,10.0,90.0,42.5,False,75.0,3.3,1.29,0.78,0.22,,0.4,1.5,3.67,,2.53,,,,,0.38,,,,,,,controlled_burn
22,20.0,90.0,38.0,False,75.0,3.3,1.29,0.78,0.22,,0.4,1.5,3.67,,2.53,,,,,0.38,,,,,,,controlled_burn
22,30.0,90.0,35.0,False,75.0,3.3,1.29,0.78,0.22,,0.4,1.5,3.67,,2.53,,,,,0.38,,,,,,,controlled_burn
22,40.0,90.0,32.0,False,75.0,3.3,1.29,0.78,0.22,,0.4,1.5,3.67,,2.53,,,,,0.38,,,,,,,controlled_burn
22,40.0,7.0,11.0,False,75.0,3.3,1.29,0.78,0.22,,0.4,1.5,3.67,,2.53,,,,,0.38,,,,,,,controlled_burn
22,0.0,28.0,39.0,False,75.0,3.3,1.29,0.78,0.22,,0.4,1.5,3.67,,2.53,,,,,0.38,,,,,,,controlled_burn
22,40.0,28.0,20.0,False,75.0,3.3,1.29,0.78,0.22,,0.4,1.5,3.67,,2.53,,,,,0.38,,,,,,,controlled_burn
22,0.0,56.0,43.0,False,75.0,3.3,1.29,0.78,0.22,,0.4,1.5,3.67,,2.53,,,,,0.38,,,,,,,controlled_burn
22,20.0,56.0,35.0,False,75.0,3.3,1.29,0.78,0.22,,0.4,1.5,3.67,,2.53,,,,,0.38,,,,,,,controlled_burn
22,40.0,56.0,26.0,False,75.0,3.3,1.29,0.78,0.22,,0.4,1.5,3.67,,2.53,,,,,0.38,,,,,,,controlled_burn
22,0.0,90.0,45.0,False,75.0,3.3,1.29,0.78,0.22,,0.4,1.5,3.67,,2.53,,,,,0.38,,,,,,,controlled_burn
22,10.0,90.0,41.5,False,75.0,3.3,1.29,0.78,0.22,,0.4,1.5,3.67,,2.53,,,,,0.38,,,,,,,controlled_burn
22,30.0,90.0,33.0,False,75.0,3.3,1.29,0.78,0.22,,0.4,1.5,3.67,,2.53,,,,,0.38,,,,,,,controlled_burn
22,40.0,90.0,29.0,False,75.0,3.3,1.29,0.78,0.22,,0.4,1.5,3.67,,2.53,,,,,0.38,,,,,,,controlled_burn
24,10.0,7.0,12.0,False,,,,,,,,,,,1.5366666666666668,,,,,,,,,,,,uncontrolled_burn
24,10.0,14.0,14.0,False,,,,,,,,,,,1.5366666666666668,,,,,,,,,,,,uncontrolled_burn
24,10.0,21.0,18.0,False,,,,,,,,,,,1.5366666666666668,,,,,,,,,,,,uncontrolled_burn
24,10.0,28.0,22.0,False,,,,,,,,,,,1.5366666666666668,,,,,,,,,,,,uncontrolled_burn
24,20.0,7.0,11.0,False,,,,,,,,,,,1.5366666666666668,,,,,,,,,,,,uncontrolled_burn
24,20.0,14.0,13.0,False,,,,,,,,,,,1.5366666666666668,,,,,,,,,,,,uncontrolled_burn
24,20.0,21.0,18.0,False,,,,,,,,,,,1.5366666666666668,,,,,,,,,,,,uncontrolled_burn
24,20.0,28.0,20.0,False,,,,,,,,,,,1.5366666666666668,,,,,,,,,,,,uncontrolled_burn
24,10.0,7.0,10.0,False,,,,,,,,,,,1.5366666666666668,,,,,,,,,,,,uncontrolled_burn
24,25.0,14.0,12.0,False,,,,,,,,,,,1.5366666666666668,,,,,,,,,,,,uncontrolled_burn
24,25.0,21.0,14.0,False,,,,,,,,,,,1.5366666666666668,,,,,,,,,,,,uncontrolled_burn
24,25.0,28.0,19.0,False,,,,,,,,,,,1.5366666666666668,,,,,,,,,,,,uncontrolled_burn
27,0.0,3.0,24.0,False,83.6,0.84,0.76,0.64,0.4,0.69,,,14.2,,,,,,,,,,,,,,controlled_burn
27,0.0,7.0,37.0,False,83.6,0.84,0.76,0.64,0.4,0.69,,,14.2,,,,,,,,,,,,,,controlled_burn
27,0.0,28.0,50.0,False,83.6,0.84,0.76,0.64,0.4,0.69,,,14.2,,,,,,,,,,,,,,controlled_burn
27,5.0,3.0,21.0,False,83.6,0.84,0.76,0.64,0.4,0.69,,,14.2,,,,,,,,,,,,,,controlled_burn
27,5.0,7.0,37.0,False,83.6,0.84,0.76,0.64,0.4,0.69,,,14.2,,,,,,,,,,,,,,controlled_burn
27,5.0,28.0,49.0,False,83.6,0.84,0.76,0.64,0.4,0.69,,,14.2,,,,,,,,,,,,,,controlled_burn
27,10.0,3.0,22.0,False,83.6,0.84,0.76,0.64,0.4,0.69,,,14.2,,,,,,,,,,,,,,controlled_burn
27,10.0,7.0,36.0,False,83.6,0.84,0.76,0.64,0.4,0.69,,,14.2,,,,,,,,,,,,,,controlled_burn
27,10.0,28.0,48.0,False,83.6,0.84,0.76,0.64,0.4,0.69,,,14.2,,,,,,,,,,,,,,controlled_burn
27,15.0,3.0,12.0,False,83.6,0.84,0.76,0.64,0.4,0.69,,,14.2,,,,,,,,,,,,,,controlled_burn
27,15.0,7.0,23.0,False,83.6,0.84,0.76,0.64,0.4,0.69,,,14.2,,,,,,,,,,,,,,controlled_burn
27,15.0,28.0,33.0,False,83.6,0.84,0.76,0.64,0.4,0.69,,,14.2,,,,,,,,,,,,,,controlled_burn
27,20.0,3.0,4.0,False,83.6,0.84,0.76,0.64,0.4,0.69,,,14.2,,,,,,,,,,,,,,controlled_burn
27,20.0,7.0,9.0,False,83.6,0.84,0.76,0.64,0.4,0.69,,,14.2,,,,,,,,,,,,,,controlled_burn
27,20.0,28.0,17.0,False,83.6,0.84,0.76,0.64,0.4,0.69,,,14.2,,,,,,,,,,,,,,controlled_burn
27,25.0,3.0,1.0,False,83.6,0.84,0.76,0.64,0.4,0.69,,,14.2,,,,,,,,,,,,,,controlled_burn
27,25.0,7.0,4.0,False,83.6,0.84,0.76,0.64,0.4,0.69,,,14.2,,,,,,,,,,,,,,controlled_burn
27,25.0,28.0,9.0,False,83.6,0.84,0.76,0.64,0.4,0.69,,,14.2,,,,,,,,,,,,,,controlled_burn
27,30.0,3.0,1.0,False,83.6,0.84,0.76,0.64,0.4,0.69,,,14.2,,,,,,,,,,,,,,controlled_burn
27,30.0,7.0,4.0,False,83.6,0.84,0.76,0.64,0.4,0.69,,,14.2,,,,,,,,,,,,,,controlled_burn
27,30.0,28.0,6.0,False,83.6,0.84,0.76,0.64,0.4,0.69,,,14.2,,,,,,,,,,,,,,controlled_burn
28,10.0,2.0,22.0,False,50.655,5.4975000000000005,5.0775,5.1075,5.209999999999999,5.0525,200.0,5.7375,7.417499999999999,24.197142857142858,,,,,2667.5,0.5375000000000001,,,,2.0,mechanical,crystalline,burn_other
28,10.0,7.0,34.6,False,50.655,5.4975000000000005,5.0775,5.1075,5.209999999999999,5.0525,200.0,5.7375,7.417499999999999,24.197142857142858,,,,,2667.5,0.5375000000000001,,,,2.0,mechanical,crystalline,burn_other
28,10.0,28.0,47.8,False,50.655,5.4975000000000005,5.0775,5.1075,5.209999999999999,5.0525,200.0,5.7375,7.417499999999999,24.197142857142858,,,,,2667.5,0.5375000000000001,,,,2.0,mechanical,crystalline,burn_other
28,10.0,90.0,57.9,False,50.655,5.4975000000000005,5.0775,5.1075,5.209999999999999,5.0525,200.0,5.7375,7.417499999999999,24.197142857142858,,,,,2667.5,0.5375000000000001,,,,2.0,mechanical,crystalline,burn_other
28,20.0,2.0,18.9,False,50.655,5.4975000000000005,5.0775,5.1075,5.209999999999999,5.0525,200.0,5.7375,7.417499999999999,24.197142857142858,,,,,2667.5,0.5375000000000001,,,,2.0,mechanical,crystalline,burn_other
28,20.0,7.0,31.8,False,50.655,5.4975000000000005,5.0775,5.1075,5.209999999999999,5.0525,200.0,5.7375,7.417499999999999,24.197142857142858,,,,,2667.5,0.5375000000000001,,,,2.0,mechanical,crystalline,burn_other
28,20.0,28.0,40.8,False,50.655,5.4975000000000005,5.0775,5.1075,5.209999999999999,5.0525,200.0,5.7375,7.417499999999999,24.197142857142858,,,,,2667.5,0.5375000000000001,,,,2.0,mechanical,crystalline,burn_other
28,20.0,90.0,55.7,False,50.655,5.4975000000000005,5.0775,5.1075,5.209999999999999,5.0525,200.0,5.7375,7.417499999999999,24.197142857142858,,,,,2667.5,0.5375000000000001,,,,2.0,mechanical,crystalline,burn_other
28,30.0,2.0,14.9,False,50.655,5.4975000000000005,5.0775,5.1075,5.209999999999999,5.0525,200.0,5.7375,7.417499999999999,24.197142857142858,,,,,2667.5,0.5375000000000001,,,,2.0,mechanical,crystalline,burn_other
28,30.0,7.0,24.8,False,50.655,5.4975000000000005,5.0775,5.1075,5.209999999999999,5.0525,200.0,5.7375,7.417499999999999,24.197142857142858,,,,,2667.5,0.5375000000000001,,,,2.0,mechanical,crystalline,burn_other
28,30.0,28.0,39.7,False,50.655,5.4975000000000005,5.0775,5.1075,5.209999999999999,5.0525,200.0,5.7375,7.417499999999999,24.197142857142858,,,,,2667.5,0.5375000000000001,,,,2.0,mechanical,crystalline,burn_other
28,30.0,90.0,48.1,False,50.655,5.4975000000000005,5.0775,5.1075,5.209999999999999,5.0525,200.0,5.7375,7.417499999999999,24.197142857142858,,,,,2667.5,0.5375000000000001,,,,2.0,mechanical,crystalline,burn_other
28,10.0,2.0,21.0,False,50.655,5.4975000000000005,5.0775,5.1075,5.209999999999999,5.0525,200.0,5.7375,7.417499999999999,24.197142857142858,,,,,2667.5,0.5375000000000001,,,,2.0,mechanical,crystalline,burn_other
28,10.0,7.0,33.8,False,50.655,5.4975000000000005,5.0775,5.1075,5.209999999999999,5.0525,200.0,5.7375,7.417499999999999,24.197142857142858,,,,,2667.5,0.5375000000000001,,,,2.0,mechanical,crystalline,burn_other
28,10.0,28.0,44.4,False,50.655,5.4975000000000005,5.0775,5.1075,5.209999999999999,5.0525,200.0,5.7375,7.417499999999999,24.197142857142858,,,,,2667.5,0.5375000000000001,,,,2.0,mechanical,crystalline,burn_other
28,10.0,90.0,58.5,False,50.655,5.4975000000000005,5.0775,5.1075,5.209999999999999,5.0525,200.0,5.7375,7.417499999999999,24.197142857142858,,,,,2667.5,0.5375000000000001,,,,2.0,mechanical,crystalline,burn_other
28,20.0,2.0,18.8,False,50.655,5.4975000000000005,5.0775,5.1075,5.209999999999999,5.0525,200.0,5.7375,7.417499999999999,24.197142857142858,,,,,2667.5,0.5375000000000001,,,,2.0,mechanical,crystalline,burn_other
28,20.0,7.0,31.3,False,50.655,5.4975000000000005,5.0775,5.1075,5.209999999999999,5.0525,200.0,5.7375,7.417499999999999,24.197142857142858,,,,,2667.5,0.5375000000000001,,,,2.0,mechanical,crystalline,burn_other
28,20.0,28.0,44.7,False,50.655,5.4975000000000005,5.0775,5.1075,5.209999999999999,5.0525,200.0,5.7375,7.417499999999999,24.197142857142858,,,,,2667.5,0.5375000000000001,,,,2.0,mechanical,crystalline,burn_other
28,20.0,90.0,57.2,False,50.655,5.4975000000000005,5.0775,5.1075,5.209999999999999,5.0525,200.0,5.7375,7.417499999999999,24.197142857142858,,,,,2667.5,0.5375000000000001,,,,2.0,mechanical,crystalline,burn_other
28,30.0,2.0,15.5,False,50.655,5.4975000000000005,5.0775,5.1075,5.209999999999999,5.0525,200.0,5.7375,7.417499999999999,24.197142857142858,,,,,2667.5,0.5375000000000001,,,,2.0,mechanical,crystalline,burn_other
28,30.0,7.0,25.3,False,50.655,5.4975000000000005,5.0775,5.1075,5.209999999999999,5.0525,200.0,5.7375,7.417499999999999,24.197142857142858,,,,,2667.5,0.5375000000000001,,,,2.0,mechanical,crystalline,burn_other
28,30.0,28.0,39.8,False,50.655,5.4975000000000005,5.0775,5.1075,5.209999999999999,5.0525,200.0,5.7375,7.417499999999999,24.197142857142858,,,,,2667.5,0.5375000000000001,,,,2.0,mechanical,crystalline,burn_other
28,30.0,90.0,48.5,False,50.655,5.4975000000000005,5.0775,5.1075,5.209999999999999,5.0525,200.0,5.7375,7.417499999999999,24.197142857142858,,,,,2667.5,0.5375000000000001,,,,2.0,mechanical,crystalline,burn_other
28,10.0,2.0,20.5,False,50.655,5.4975000000000005,5.0775,5.1075,5.209999999999999,5.0525,200.0,5.7375,7.417499999999999,24.197142857142858,,,,,2667.5,0.5375000000000001,,,,2.0,mechanical,crystalline,burn_other
28,10.0,7.0,36.4,False,50.655,5.4975000000000005,5.0775,5.1075,5.209999999999999,5.0525,200.0,5.7375,7.417499999999999,24.197142857142858,,,,,2667.5,0.5375000000000001,,,,2.0,mechanical,crystalline,burn_other
28,10.0,28.0,50.7,False,50.655,5.4975000000000005,5.0775,5.1075,5.209999999999999,5.0525,200.0,5.7375,7.417499999999999,24.197142857142858,,,,,2667.5,0.5375000000000001,,,,2.0,mechanical,crystalline,burn_other
28,20.0,7.0,32.3,False,50.655,5.4975000000000005,5.0775,5.1075,5.209999999999999,5.0525,200.0,5.7375,7.417499999999999,24.197142857142858,,,,,2667.5,0.5375000000000001,,,,2.0,mechanical,crystalline,burn_other
28,20.0,28.0,49.5,False,50.655,5.4975000000000005,5.0775,5.1075,5.209999999999999,5.0525,200.0,5.7375,7.417499999999999,24.197142857142858,,,,,2667.5,0.5375000000000001,,,,2.0,mechanical,crystalline,burn_other
28,30.0,2.0,16.1,False,50.655,5.4975000000000005,5.0775,5.1075,5.209999999999999,5.0525,200.0,5.7375,7.417499999999999,24.197142857142858,,,,,2667.5,0.5375000000000001,,,,2.0,mechanical,crystalline,burn_other
28,30.0,7.0,28.3,False,50.655,5.4975000000000005,5.0775,5.1075,5.209999999999999,5.0525,200.0,5.7375,7.417499999999999,24.197142857142858,,,,,2667.5,0.5375000000000001,,,,2.0,mechanical,crystalline,burn_other
28,30.0,28.0,47.3,False,50.655,5.4975000000000005,5.0775,5.1075,5.209999999999999,5.0525,200.0,5.7375,7.417499999999999,24.197142857142858,,,,,2667.5,0.5375000000000001,,,,2.0,mechanical,crystalline,burn_other
28,10.0,2.0,22.8,False,50.655,5.4975000000000005,5.0775,5.1075,5.209999999999999,5.0525,200.0,5.7375,7.417499999999999,24.197142857142858,,,,,2667.5,0.5375000000000001,,,,2.0,mechanical,crystalline,burn_other
28,10.0,7.0,38.2,False,50.655,5.4975000000000005,5.0775,5.1075,5.209999999999999,5.0525,200.0,5.7375,7.417499999999999,24.197142857142858,,,,,2667.5,0.5375000000000001,,,,2.0,mechanical,crystalline,burn_other
28,10.0,28.0,53.8,False,50.655,5.4975000000000005,5.0775,5.1075,5.209999999999999,5.0525,200.0,5.7375,7.417499999999999,24.197142857142858,,,,,2667.5,0.5375000000000001,,,,2.0,mechanical,crystalline,burn_other
28,20.0,2.0,19.8,False,50.655,5.4975000000000005,5.0775,5.1075,5.209999999999999,5.0525,200.0,5.7375,7.417499999999999,24.197142857142858,,,,,2667.5,0.5375000000000001,,,,2.0,mechanical,crystalline,burn_other
28,20.0,7.0,33.6,False,50.655,5.4975000000000005,5.0775,5.1075,5.209999999999999,5.0525,200.0,5.7375,7.417499999999999,24.197142857142858,,,,,2667.5,0.5375000000000001,,,,2.0,mechanical,crystalline,burn_other
28,20.0,28.0,51.4,False,50.655,5.4975000000000005,5.0775,5.1075,5.209999999999999,5.0525,200.0,5.7375,7.417499999999999,24.197142857142858,,,,,2667.5,0.5375000000000001,,,,2.0,mechanical,crystalline,burn_other
28,30.0,2.0,17.1,False,50.655,5.4975000000000005,5.0775,5.1075,5.209999999999999,5.0525,200.0,5.7375,7.417499999999999,24.197142857142858,,,,,2667.5,0.5375000000000001,,,,2.0,mechanical,crystalline,burn_other
28,30.0,7.0,30.1,False,50.655,5.4975000000000005,5.0775,5.1075,5.209999999999999,5.0525,200.0,5.7375,7.417499999999999,24.197142857142858,,,,,2667.5,0.5375000000000001,,,,2.0,mechanical,crystalline,burn_other
28,30.0,28.0,48.8,False,50.655,5.4975000000000005,5.0775,5.1075,5.209999999999999,5.0525,200.0,5.7375,7.417499999999999,24.197142857142858,,,,,2667.5,0.5375000000000001,,,,2.0,mechanical,crystalline,burn_other
30,0.0,7.0,17.51,False,,,,,,,,,,,,,,,,,,,,,mechanical,,burn_other
30,5.0,7.0,16.88,False,,,,,,,,,,,,,,,,,,,,,mechanical,,burn_other
30,10.0,7.0,12.01,False,,,,,,,,,,,,,,,,,,,,,mechanical,,burn_other
30,15.0,7.0,11.24,False,,,,,,,,,,,,,,,,,,,,,mechanical,,burn_other
30,20.0,7.0,10.86,False,,,,,,,,,,,,,,,,,,,,,mechanical,,burn_other
30,25.0,7.0,7.95,False,,,,,,,,,,,,,,,,,,,,,mechanical,,burn_other
30,0.0,14.0,21.6,False,,,,,,,,,,,,,,,,,,,,,mechanical,,burn_other
30,5.0,14.0,17.44,False,,,,,,,,,,,,,,,,,,,,,mechanical,,burn_other
30,10.0,14.0,12.83,False,,,,,,,,,,,,,,,,,,,,,mechanical,,burn_other
30,15.0,14.0,12.55,False,,,,,,,,,,,,,,,,,,,,,mechanical,,burn_other
30,20.0,14.0,11.51,False,,,,,,,,,,,,,,,,,,,,,mechanical,,burn_other
30,25.0,14.0,8.98,False,,,,,,,,,,,,,,,,,,,,,mechanical,,burn_other
30,0.0,28.0,29.15,False,,,,,,,,,,,,,,,,,,,,,mechanical,,burn_other
30,5.0,28.0,27.68,False,,,,,,,,,,,,,,,,,,,,,mechanical,,burn_other
30,10.0,28.0,20.88,False,,,,,,,,,,,,,,,,,,,,,mechanical,,burn_other
30,15.0,28.0,18.7,False,,,,,,,,,,,,,,,,,,,,,mechanical,,burn_other
30,20.0,28.0,18.59,False,,,,,,,,,,,,,,,,,,,,,mechanical,,burn_other
30,25.0,28.0,13.29,False,,,,,,,,,,,,,,,,,,,,,mechanical,,burn_other
33,10.0,28.0,39.2,False,77.82000000000001,0.5,3.2,0.305,0.96,,,0.1149999999999999,,,0.925,190.0,,,,0.5,650.0,1.0,,2.0,both,amorphous,controlled_burn
35,5.0,7.0,14.3,False,79.84,0.55,0.14,1.16,0.19,,0.08,2.9,,,1.95,,,,,0.55,,,,,,,
35,10.0,7.0,15.6,False,79.84,0.55,0.14,1.16,0.19,,0.08,2.9,,,1.95,,,,,0.55,,,,,,,
35,15.0,7.0,12.9,False,79.84,0.55,0.14,1.16,0.19,,0.08,2.9,,,1.95,,,,,0.55,,,,,,,
35,20.0,7.0,11.5,False,79.84,0.55,0.14,1.16,0.19,,0.08,2.9,,,1.95,,,,,0.55,,,,,,,
35,5.0,14.0,18.4,False,79.84,0.55,0.14,1.16,0.19,,0.08,2.9,,,1.95,,,,,0.55,,,,,,,
35,10.0,14.0,19.5,False,79.84,0.55,0.14,1.16,0.19,,0.08,2.9,,,1.95,,,,,0.55,,,,,,,
35,15.0,14.0,15.9,False,79.84,0.55,0.14,1.16,0.19,,0.08,2.9,,,1.95,,,,,0.55,,,,,,,
35,20.0,14.0,12.4,False,79.84,0.55,0.14,1.16,0.19,,0.08,2.9,,,1.95,,,,,0.55,,,,,,,
35,0.0,28.0,27.0,False,79.84,0.55,0.14,1.16,0.19,,0.08,2.9,,,1.95,,,,,0.55,,,,,,,
35,5.0,28.0,24.8,False,79.84,0.55,0.14,1.16,0.19,,0.08,2.9,,,1.95,,,,,0.55,,,,,,,
35,10.0,28.0,29.3,False,79.84,0.55,0.14,1.16,0.19,,0.08,2.9,,,1.95,,,,,0.55,,,,,,,
35,15.0,28.0,17.6,False,79.84,0.55,0.14,1.16,0.19,,0.08,2.9,,,1.95,,,,,0.55,,,,,,,
35,20.0,28.0,16.03,False,79.84,0.55,0.14,1.16,0.19,,0.08,2.9,,,1.95,,,,,0.55,,,,,,,
36,0.0,1.0,125.0,True,87.96,1.14,0.3,0.52,,0.47,,3.29,3.81,42.925,2.1,2.746,,,,0.2766666666666666,,,45.0,2.0,mechanical,amorphous,uncontrolled_burn
36,0.0,3.0,135.0,True,87.96,1.14,0.3,0.52,,0.47,,3.29,3.81,42.925,2.1,2.746,,,,0.2766666666666666,,,45.0,2.0,mechanical,amorphous,uncontrolled_burn
36,0.0,28.0,160.0,True,87.96,1.14,0.3,0.52,,0.47,,3.29,3.81,42.925,2.1,2.746,,,,0.2766666666666666,,,45.0,2.0,mechanical,amorphous,uncontrolled_burn
36,0.0,91.0,172.0,True,87.96,1.14,0.3,0.52,,0.47,,3.29,3.81,42.925,2.1,2.746,,,,0.2766666666666666,,,45.0,2.0,mechanical,amorphous,uncontrolled_burn
36,10.0,1.0,135.0,True,87.96,1.14,0.3,0.52,,0.47,,3.29,3.81,42.925,2.1,2.746,,,,0.2766666666666666,,,45.0,2.0,mechanical,amorphous,uncontrolled_burn
36,10.0,3.0,152.0,True,87.96,1.14,0.3,0.52,,0.47,,3.29,3.81,42.925,2.1,2.746,,,,0.2766666666666666,,,45.0,2.0,mechanical,amorphous,uncontrolled_burn
36,10.0,28.0,165.0,True,87.96,1.14,0.3,0.52,,0.47,,3.29,3.81,42.925,2.1,2.746,,,,0.2766666666666666,,,45.0,2.0,mechanical,amorphous,uncontrolled_burn
36,10.0,91.0,178.0,True,87.96,1.14,0.3,0.52,,0.47,,3.29,3.81,42.925,2.1,2.746,,,,0.2766666666666666,,,45.0,2.0,mechanical,amorphous,uncontrolled_burn
36,20.0,1.0,120.0,True,87.96,1.14,0.3,0.52,,0.47,,3.29,3.81,42.925,2.1,2.746,,,,0.2766666666666666,,,45.0,2.0,mechanical,amorphous,uncontrolled_burn
36,20.0,3.0,141.0,True,87.96,1.14,0.3,0.52,,0.47,,3.29,3.81,42.925,2.1,2.746,,,,0.2766666666666666,,,45.0,2.0,mechanical,amorphous,uncontrolled_burn
36,20.0,28.0,175.0,True,87.96,1.14,0.3,0.52,,0.47,,3.29,3.81,42.925,2.1,2.746,,,,0.2766666666666666,,,45.0,2.0,mechanical,amorphous,uncontrolled_burn
36,20.0,91.0,186.0,True,87.96,1.14,0.3,0.52,,0.47,,3.29,3.81,42.925,2.1,2.746,,,,0.2766666666666666,,,45.0,2.0,mechanical,amorphous,uncontrolled_burn
38,0.0,7.0,22.5,False,90.4,,1.7,1.6,0.7,,,,,90.4,,,,,,0.5,,,,2.0,,amorphous,
38,0.0,28.0,32.8,False,90.4,,1.7,1.6,0.7,,,,,90.4,,,,,,0.5,,,,2.0,,amorphous,
38,0.0,56.0,36.5,False,90.4,,1.7,1.6,0.7,,,,,90.4,,,,,,0.5,,,,2.0,,amorphous,
38,5.0,7.0,23.4,False,90.4,,1.7,1.6,0.7,,,,,90.4,,,,,,0.5,,,,2.0,,amorphous,
38,5.0,28.0,34.2,False,90.4,,1.7,1.6,0.7,,,,,90.4,,,,,,0.5,,,,2.0,,amorphous,
38,5.0,56.0,39.0,False,90.4,,1.7,1.6,0.7,,,,,90.4,,,,,,0.5,,,,2.0,,amorphous,
38,10.0,7.0,24.3,False,90.4,,1.7,1.6,0.7,,,,,90.4,,,,,,0.5,,,,2.0,,amorphous,
38,10.0,28.0,36.1,False,90.4,,1.7,1.6,0.7,,,,,90.4,,,,,,0.5,,,,2.0,,amorphous,
38,10.0,56.0,41.4,False,90.4,,1.7,1.6,0.7,,,,,90.4,,,,,,0.5,,,,2.0,,amorphous,
38,15.0,7.0,22.5,False,90.4,,1.7,1.6,0.7,,,,,90.4,,,,,,0.5,,,,2.0,,amorphous,
38,15.0,28.0,35.3,False,90.4,,1.7,1.6,0.7,,,,,90.4,,,,,,0.5,,,,2.0,,amorphous,
38,15.0,56.0,39.9,False,90.4,,1.7,1.6,0.7,,,,,90.4,,,,,,0.5,,,,2.0,,amorphous,
38,20.0,7.0,20.8,False,90.4,,1.7,1.6,0.7,,,,,90.4,,,,,,0.5,,,,2.0,,amorphous,
38,20.0,28.0,33.1,False,90.4,,1.7,1.6,0.7,,,,,90.4,,,,,,0.5,,,,2.0,,amorphous,
38,20.0,56.0,38.0,False,90.4,,1.7,1.6,0.7,,,,,90.4,,,,,,0.5,,,,2.0,,amorphous,
38,10.0,7.0,23.4,False,90.4,,1.7,1.6,0.7,,,,,90.4,,,,,,0.5,,,,2.0,,amorphous,
38,10.0,28.0,35.8,False,90.4,,1.7,1.6,0.7,,,,,90.4,,,,,,0.5,,,,2.0,,amorphous,
38,10.0,56.0,40.8,False,90.4,,1.7,1.6,0.7,,,,,90.4,,,,,,0.5,,,,2.0,,amorphous,
38,5.0,7.0,24.5,False,90.4,,1.7,1.6,0.7,,,,,90.4,,,,,,0.5,,,,2.0,,amorphous,
38,5.0,28.0,38.0,False,90.4,,1.7,1.6,0.7,,,,,90.4,,,,,,0.5,,,,2.0,,amorphous,
38,5.0,56.0,43.0,False,90.4,,1.7,1.6,0.7,,,,,90.4,,,,,,0.5,,,,2.0,,amorphous,
38,10.0,7.0,25.8,False,90.4,,1.7,1.6,0.7,,,,,90.4,,,,,,0.5,,,,2.0,,amorphous,
38,10.0,28.0,40.0,False,90.4,,1.7,1.6,0.7,,,,,90.4,,,,,,0.5,,,,2.0,,amorphous,
38,10.0,56.0,46.8,False,90.4,,1.7,1.6,0.7,,,,,90.4,,,,,,0.5,,,,2.0,,amorphous,
38,15.0,7.0,24.1,False,90.4,,1.7,1.6,0.7,,,,,90.4,,,,,,0.5,,,,2.0,,amorphous,
38,15.0,28.0,38.5,False,90.4,,1.7,1.6,0.7,,,,,90.4,,,,,,0.5,,,,2.0,,amorphous,
38,15.0,56.0,44.0,False,90.4,,1.7,1.6,0.7,,,,,90.4,,,,,,0.5,,,,2.0,,amorphous,
38,20.0,7.0,21.3,False,90.4,,1.7,1.6,0.7,,,,,90.4,,,,,,0.5,,,,2.0,,amorphous,
38,20.0,28.0,36.3,False,90.4,,1.7,1.6,0.7,,,,,90.4,,,,,,0.5,,,,2.0,,amorphous,
38,20.0,56.0,42.2,False,90.4,,1.7,1.6,0.7,,,,,90.4,,,,,,0.5,,,,2.0,,amorphous,
39,0.0,7.0,33.24,False,,,,,,,,,,,2.3,45.0,,,,0.4,,,,,,,other
39,5.0,7.0,5.0,False,,,,,,,,,,,2.3,45.0,,,,0.4,,,,,,,other
39,10.0,7.0,10.0,False,,,,,,,,,,,2.3,45.0,,,,0.4,,,,,,,other
39,15.0,7.0,15.0,False,,,,,,,,,,,2.3,45.0,,,,0.4,,,,,,,other
39,20.0,7.0,20.0,False,,,,,,,,,,,2.3,45.0,,,,0.4,,,,,,,other
39,0.0,28.0,47.47,False,,,,,,,,,,,2.3,45.0,,,,0.4,,,,,,,other
39,5.0,28.0,5.0,False,,,,,,,,,,,2.3,45.0,,,,0.4,,,,,,,other
39,10.0,28.0,10.0,False,,,,,,,,,,,2.3,45.0,,,,0.4,,,,,,,other
39,15.0,28.0,15.0,False,,,,,,,,,,,2.3,45.0,,,,0.4,,,,,,,other
39,20.0,28.0,20.0,False,,,,,,,,,,,2.3,45.0,,,,0.4,,,,,,,other
40,20.0,100.0,50.0,True,63.3325,3.225714285714285,3.5142857142857147,2.165,1.5625,1.4137499999999998,1.3025,2.5475000000000003,10.154285714285717,432.4666666666667,2.29,28.25,52.400000000000006,,7000.0,0.4366666666666666,487.75,30.83333333333333,150.0,2.0,mechanical,mixed,controlled_burn
42,0.0,7.0,50.84,False,86.73,0.39,0.04,0.61,0.08,1.32,9.76,0.01,0.54,,,,,,,0.4,600.0,5.0,,2.0,thermal,,burn_other
42,0.0,28.0,83.36,False,86.73,0.39,0.04,0.61,0.08,1.32,9.76,0.01,0.54,,,,,,,0.4,600.0,5.0,,2.0,thermal,,burn_other
42,5.0,7.0,51.92,False,86.73,0.39,0.04,0.61,0.08,1.32,9.76,0.01,0.54,,,,,,,0.4,600.0,5.0,,2.0,thermal,,burn_other
42,5.0,28.0,85.12,False,86.73,0.39,0.04,0.61,0.08,1.32,9.76,0.01,0.54,,,,,,,0.4,600.0,5.0,,2.0,thermal,,burn_other
42,10.0,7.0,53.0,False,86.73,0.39,0.04,0.61,0.08,1.32,9.76,0.01,0.54,,,,,,,0.4,600.0,5.0,,2.0,thermal,,burn_other
42,10.0,28.0,86.9,False,86.73,0.39,0.04,0.61,0.08,1.32,9.76,0.01,0.54,,,,,,,0.4,600.0,5.0,,2.0,thermal,,burn_other
42,15.0,7.0,56.43,False,86.73,0.39,0.04,0.61,0.08,1.32,9.76,0.01,0.54,,,,,,,0.4,600.0,5.0,,2.0,thermal,,burn_other
42,15.0,28.0,92.51,False,86.73,0.39,0.04,0.61,0.08,1.32,9.76,0.01,0.54,,,,,,,0.4,600.0,5.0,,2.0,thermal,,burn_other
42,20.0,7.0,56.67,False,86.73,0.39,0.04,0.61,0.08,1.32,9.76,0.01,0.54,,,,,,,0.4,600.0,5.0,,2.0,thermal,,burn_other
42,20.0,28.0,93.28,False,86.73,0.39,0.04,0.61,0.08,1.32,9.76,0.01,0.54,,,,,,,0.4,600.0,5.0,,2.0,thermal,,burn_other
42,25.0,7.0,54.35,False,86.73,0.39,0.04,0.61,0.08,1.32,9.76,0.01,0.54,,,,,,,0.4,600.0,5.0,,2.0,thermal,,burn_other
42,25.0,28.0,89.1,False,86.73,0.39,0.04,0.61,0.08,1.32,9.76,0.01,0.54,,,,,,,0.4,600.0,5.0,,2.0,thermal,,burn_other
48,0.0,7.0,23.5,False,,,,,,,,,,,,,,,,,,,,,both,,uncontrolled_burn
48,5.0,7.0,24.0,False,,,,,,,,,,,,,,,,,,,,,both,,uncontrolled_burn
48,10.0,7.0,24.5,False,,,,,,,,,,,,,,,,,,,,,both,,uncontrolled_burn
48,15.0,7.0,22.5,False,,,,,,,,,,,,,,,,,,,,,both,,uncontrolled_burn
48,20.0,7.0,21.5,False,,,,,,,,,,,,,,,,,,,,,both,,uncontrolled_burn
48,0.0,14.0,26.8,False,,,,,,,,,,,,,,,,,,,,,both,,uncontrolled_burn
48,5.0,14.0,28.2,False,,,,,,,,,,,,,,,,,,,,,both,,uncontrolled_burn
48,10.0,14.0,29.4,False,,,,,,,,,,,,,,,,,,,,,both,,uncontrolled_burn
48,15.0,14.0,25.6,False,,,,,,,,,,,,,,,,,,,,,both,,uncontrolled_burn
48,20.0,14.0,23.6,False,,,,,,,,,,,,,,,,,,,,,both,,uncontrolled_burn
48,0.0,28.0,31.8,False,,,,,,,,,,,,,,,,,,,,,both,,uncontrolled_burn
48,5.0,28.0,33.9,False,,,,,,,,,,,,,,,,,,,,,both,,uncontrolled_burn
48,10.0,28.0,35.6,False,,,,,,,,,,,,,,,,,,,,,both,,uncontrolled_burn
48,15.0,28.0,30.4,False,,,,,,,,,,,,,,,,,,,,,both,,uncontrolled_burn
48,20.0,28.0,25.9,False,,,,,,,,,,,,,,,,,,,,,both,,uncontrolled_burn
49,0.0,7.0,27.8,False,85.0,,,,,,,,,85.0,2.3,25.0,,,,0.4,650.0,24.0,,,thermal,,controlled_burn
49,5.0,7.0,26.6,False,85.0,,,,,,,,,85.0,2.3,25.0,,,,0.4,650.0,24.0,,,thermal,,controlled_burn
49,7.5,7.0,28.3,False,85.0,,,,,,,,,85.0,2.3,25.0,,,,0.4,650.0,24.0,,,thermal,,controlled_burn
49,10.0,7.0,27.3,False,85.0,,,,,,,,,85.0,2.3,25.0,,,,0.4,650.0,24.0,,,thermal,,controlled_burn
49,12.5,7.0,26.2,False,85.0,,,,,,,,,85.0,2.3,25.0,,,,0.4,650.0,24.0,,,thermal,,controlled_burn
49,15.0,7.0,25.9,False,85.0,,,,,,,,,85.0,2.3,25.0,,,,0.4,650.0,24.0,,,thermal,,controlled_burn
49,0.0,28.0,41.7,False,85.0,,,,,,,,,85.0,2.3,25.0,,,,0.4,650.0,24.0,,,thermal,,controlled_burn
49,5.0,28.0,39.9,False,85.0,,,,,,,,,85.0,2.3,25.0,,,,0.4,650.0,24.0,,,thermal,,controlled_burn
49,7.5,28.0,42.45,False,85.0,,,,,,,,,85.0,2.3,25.0,,,,0.4,650.0,24.0,,,thermal,,controlled_burn
49,10.0,28.0,40.95,False,85.0,,,,,,,,,85.0,2.3,25.0,,,,0.4,650.0,24.0,,,thermal,,controlled_burn
49,12.5,28.0,39.3,False,85.0,,,,,,,,,85.0,2.3,25.0,,,,0.4,650.0,24.0,,,thermal,,controlled_burn
49,15.0,28.0,38.85,False,85.0,,,,,,,,,85.0,2.3,25.0,,,,0.4,650.0,24.0,,,thermal,,controlled_burn
50,0.0,7.0,32.808,False,93.47,0.87,0.92,1.08,3.18,,,,,,,,,,163.575,,500.0,10.0,1.5,2.0,both,amorphous,controlled_burn
50,0.0,28.0,40.228,False,93.47,0.87,0.92,1.08,3.18,,,,,,,,,,163.575,,500.0,10.0,1.5,2.0,both,amorphous,controlled_burn
50,5.0,7.0,31.192,False,93.47,0.87,0.92,1.08,3.18,,,,,,,,,,163.575,,500.0,10.0,1.5,2.0,both,amorphous,controlled_burn
50,5.0,28.0,35.48,False,93.47,0.87,0.92,1.08,3.18,,,,,,,,,,163.575,,500.0,10.0,1.5,2.0,both,amorphous,controlled_burn
50,10.0,7.0,33.972,False,93.47,0.87,0.92,1.08,3.18,,,,,,,,,,163.575,,500.0,10.0,1.5,2.0,both,amorphous,controlled_burn
50,10.0,28.0,52.768,False,93.47,0.87,0.92,1.08,3.18,,,,,,,,,,163.575,,500.0,10.0,1.5,2.0,both,amorphous,controlled_burn
50,15.0,7.0,24.448,False,93.47,0.87,0.92,1.08,3.18,,,,,,,,,,163.575,,500.0,10.0,1.5,2.0,both,amorphous,controlled_burn
50,15.0,28.0,35.576,False,93.47,0.87,0.92,1.08,3.18,,,,,,,,,,163.575,,500.0,10.0,1.5,2.0,both,amorphous,controlled_burn
50,20.0,7.0,20.184,False,93.47,0.87,0.92,1.08,3.18,,,,,,,,,,163.575,,500.0,10.0,1.5,2.0,both,amorphous,controlled_burn
50,20.0,28.0,13.128,False,93.47,0.87,0.92,1.08,3.18,,,,,,,,,,163.575,,500.0,10.0,1.5,2.0,both,amorphous,controlled_burn
53,0.0,3.0,40.5,False,94.38,1.2,0.3,0.07,0.82,1.19,0.1,1.06,,,,5.0,122.9,122.9,,0.5,600.0,2.0,20.0,2.0,both,amorphous,controlled_burn
53,0.0,7.0,50.2,False,94.38,1.2,0.3,0.07,0.82,1.19,0.1,1.06,,,,5.0,122.9,122.9,,0.5,600.0,2.0,20.0,2.0,both,amorphous,controlled_burn
53,0.0,28.0,69.8,False,94.38,1.2,0.3,0.07,0.82,1.19,0.1,1.06,,,,5.0,122.9,122.9,,0.5,600.0,2.0,20.0,2.0,both,amorphous,controlled_burn
53,5.0,3.0,42.1,False,94.38,1.2,0.3,0.07,0.82,1.19,0.1,1.06,,,,5.0,122.9,122.9,,0.5,600.0,2.0,20.0,2.0,both,amorphous,controlled_burn
53,5.0,7.0,51.5,False,94.38,1.2,0.3,0.07,0.82,1.19,0.1,1.06,,,,5.0,122.9,122.9,,0.5,600.0,2.0,20.0,2.0,both,amorphous,controlled_burn
53,5.0,28.0,70.5,False,94.38,1.2,0.3,0.07,0.82,1.19,0.1,1.06,,,,5.0,122.9,122.9,,0.5,600.0,2.0,20.0,2.0,both,amorphous,controlled_burn
53,10.0,3.0,43.8,False,94.38,1.2,0.3,0.07,0.82,1.19,0.1,1.06,,,,5.0,122.9,122.9,,0.5,600.0,2.0,20.0,2.0,both,amorphous,controlled_burn
53,10.0,7.0,53.2,False,94.38,1.2,0.3,0.07,0.82,1.19,0.1,1.06,,,,5.0,122.9,122.9,,0.5,600.0,2.0,20.0,2.0,both,amorphous,controlled_burn
53,10.0,28.0,73.1,False,94.38,1.2,0.3,0.07,0.82,1.19,0.1,1.06,,,,5.0,122.9,122.9,,0.5,600.0,2.0,20.0,2.0,both,amorphous,controlled_burn
53,15.0,3.0,45.2,False,94.38,1.2,0.3,0.07,0.82,1.19,0.1,1.06,,,,5.0,122.9,122.9,,0.5,600.0,2.0,20.0,2.0,both,amorphous,controlled_burn
53,15.0,7.0,55.0,False,94.38,1.2,0.3,0.07,0.82,1.19,0.1,1.06,,,,5.0,122.9,122.9,,0.5,600.0,2.0,20.0,2.0,both,amorphous,controlled_burn
53,15.0,28.0,77.7,False,94.38,1.2,0.3,0.07,0.82,1.19,0.1,1.06,,,,5.0,122.9,122.9,,0.5,600.0,2.0,20.0,2.0,both,amorphous,controlled_burn
54,10.0,3.0,28.7,False,55.29333333333333,0.9200000000000002,0.9200000000000002,0.8911111111111111,0.8755555555555556,1.216,0.316,0.8944444444444445,2.31,99.0,2.1,45.0,9.24,359.3333333333333,,,800.0,1.1666666666666667,,2.0,none,mixed,burn_other
54,10.0,7.0,48.4,False,55.29333333333333,0.9200000000000002,0.9200000000000002,0.8911111111111111,0.8755555555555556,1.216,0.316,0.8944444444444445,2.31,99.0,2.1,45.0,9.24,359.3333333333333,,,800.0,1.1666666666666667,,2.0,none,mixed,burn_other
54,10.0,28.0,56.3,False,55.29333333333333,0.9200000000000002,0.9200000000000002,0.8911111111111111,0.8755555555555556,1.216,0.316,0.8944444444444445,2.31,99.0,2.1,45.0,9.24,359.3333333333333,,,800.0,1.1666666666666667,,2.0,none,mixed,burn_other
54,5.0,28.0,43.1,False,55.29333333333333,0.9200000000000002,0.9200000000000002,0.8911111111111111,0.8755555555555556,1.216,0.316,0.8944444444444445,2.31,99.0,2.1,45.0,9.24,359.3333333333333,,,800.0,1.1666666666666667,,2.0,none,mixed,burn_other
54,10.0,28.0,59.68,False,55.29333333333333,0.9200000000000002,0.9200000000000002,0.8911111111111111,0.8755555555555556,1.216,0.316,0.8944444444444445,2.31,99.0,2.1,45.0,9.24,359.3333333333333,,,800.0,1.1666666666666667,,2.0,none,mixed,burn_other
54,15.0,28.0,54.55,False,55.29333333333333,0.9200000000000002,0.9200000000000002,0.8911111111111111,0.8755555555555556,1.216,0.316,0.8944444444444445,2.31,99.0,2.1,45.0,9.24,359.3333333333333,,,800.0,1.1666666666666667,,2.0,none,mixed,burn_other
57,10.0,28.0,50.0,True,184.85,138.41750000000002,138.12625,138.12375000000003,138.10375000000002,,138.09625,138.75625,,187.525,139.01375,,,74.0,1425.0,0.5,437.875,138.75,23.33333333333333,2.0,mechanical,mixed,uncontrolled_burn
57,20.0,28.0,59.5,True,184.85,138.41750000000002,138.12625,138.12375000000003,138.10375000000002,,138.09625,138.75625,,187.525,139.01375,,,74.0,1425.0,0.5,437.875,138.75,23.33333333333333,2.0,mechanical,mixed,uncontrolled_burn
57,40.0,28.0,64.5,True,184.85,138.41750000000002,138.12625,138.12375000000003,138.10375000000002,,138.09625,138.75625,,187.525,139.01375,,,74.0,1425.0,0.5,437.875,138.75,23.33333333333333,2.0,mechanical,mixed,uncontrolled_burn
57,10.0,28.0,57.5,True,184.85,138.41750000000002,138.12625,138.12375000000003,138.10375000000002,,138.09625,138.75625,,187.525,139.01375,,,74.0,1425.0,0.5,437.875,138.75,23.33333333333333,2.0,mechanical,mixed,uncontrolled_burn
57,20.0,28.0,59.0,True,184.85,138.41750000000002,138.12625,138.12375000000003,138.10375000000002,,138.09625,138.75625,,187.525,139.01375,,,74.0,1425.0,0.5,437.875,138.75,23.33333333333333,2.0,mechanical,mixed,uncontrolled_burn
57,40.0,28.0,48.0,True,184.85,138.41750000000002,138.12625,138.12375000000003,138.10375000000002,,138.09625,138.75625,,187.525,139.01375,,,74.0,1425.0,0.5,437.875,138.75,23.33333333333333,2.0,mechanical,mixed,uncontrolled_burn
57,10.0,28.0,58.0,True,184.85,138.41750000000002,138.12625,138.12375000000003,138.10375000000002,,138.09625,138.75625,,187.525,139.01375,,,74.0,1425.0,0.5,437.875,138.75,23.33333333333333,2.0,mechanical,mixed,uncontrolled_burn
57,20.0,28.0,56.0,True,184.85,138.41750000000002,138.12625,138.12375000000003,138.10375000000002,,138.09625,138.75625,,187.525,139.01375,,,74.0,1425.0,0.5,437.875,138.75,23.33333333333333,2.0,mechanical,mixed,uncontrolled_burn
57,40.0,28.0,52.5,True,184.85,138.41750000000002,138.12625,138.12375000000003,138.10375000000002,,138.09625,138.75625,,187.525,139.01375,,,74.0,1425.0,0.5,437.875,138.75,23.33333333333333,2.0,mechanical,mixed,uncontrolled_burn
57,10.0,28.0,53.0,True,184.85,138.41750000000002,138.12625,138.12375000000003,138.10375000000002,,138.09625,138.75625,,187.525,139.01375,,,74.0,1425.0,0.5,437.875,138.75,23.33333333333333,2.0,mechanical,mixed,uncontrolled_burn
57,20.0,28.0,52.5,True,184.85,138.41750000000002,138.12625,138.12375000000003,138.10375000000002,,138.09625,138.75625,,187.525,139.01375,,,74.0,1425.0,0.5,437.875,138.75,23.33333333333333,2.0,mechanical,mixed,uncontrolled_burn
57,40.0,28.0,50.0,True,184.85,138.41750000000002,138.12625,138.12375000000003,138.10375000000002,,138.09625,138.75625,,187.525,139.01375,,,74.0,1425.0,0.5,437.875,138.75,23.33333333333333,2.0,mechanical,mixed,uncontrolled_burn
57,10.0,56.0,50.0,True,184.85,138.41750000000002,138.12625,138.12375000000003,138.10375000000002,,138.09625,138.75625,,187.525,139.01375,,,74.0,1425.0,0.5,437.875,138.75,23.33333333333333,2.0,mechanical,mixed,uncontrolled_burn
57,20.0,56.0,60.5,True,184.85,138.41750000000002,138.12625,138.12375000000003,138.10375000000002,,138.09625,138.75625,,187.525,139.01375,,,74.0,1425.0,0.5,437.875,138.75,23.33333333333333,2.0,mechanical,mixed,uncontrolled_burn
57,40.0,56.0,63.5,True,184.85,138.41750000000002,138.12625,138.12375000000003,138.10375000000002,,138.09625,138.75625,,187.525,139.01375,,,74.0,1425.0,0.5,437.875,138.75,23.33333333333333,2.0,mechanical,mixed,uncontrolled_burn
57,10.0,56.0,58.0,True,184.85,138.41750000000002,138.12625,138.12375000000003,138.10375000000002,,138.09625,138.75625,,187.525,139.01375,,,74.0,1425.0,0.5,437.875,138.75,23.33333333333333,2.0,mechanical,mixed,uncontrolled_burn
57,20.0,56.0,56.5,True,184.85,138.41750000000002,138.12625,138.12375000000003,138.10375000000002,,138.09625,138.75625,,187.525,139.01375,,,74.0,1425.0,0.5,437.875,138.75,23.33333333333333,2.0,mechanical,mixed,uncontrolled_burn
57,40.0,56.0,60.5,True,184.85,138.41750000000002,138.12625,138.12375000000003,138.10375000000002,,138.09625,138.75625,,187.525,139.01375,,,74.0,1425.0,0.5,437.875,138.75,23.33333333333333,2.0,mechanical,mixed,uncontrolled_burn
57,10.0,56.0,59.5,True,184.85,138.41750000000002,138.12625,138.12375000000003,138.10375000000002,,138.09625,138.75625,,187.525,139.01375,,,74.0,1425.0,0.5,437.875,138.75,23.33333333333333,2.0,mechanical,mixed,uncontrolled_burn
57,40.0,56.0,55.0,True,184.85,138.41750000000002,138.12625,138.12375000000003,138.10375000000002,,138.09625,138.75625,,187.525,139.01375,,,74.0,1425.0,0.5,437.875,138.75,23.33333333333333,2.0,mechanical,mixed,uncontrolled_burn
57,10.0,56.0,54.0,True,184.85,138.41750000000002,138.12625,138.12375000000003,138.10375000000002,,138.09625,138.75625,,187.525,139.01375,,,74.0,1425.0,0.5,437.875,138.75,23.33333333333333,2.0,mechanical,mixed,uncontrolled_burn
57,20.0,56.0,53.5,True,184.85,138.41750000000002,138.12625,138.12375000000003,138.10375000000002,,138.09625,138.75625,,187.525,139.01375,,,74.0,1425.0,0.5,437.875,138.75,23.33333333333333,2.0,mechanical,mixed,uncontrolled_burn
57,40.0,56.0,52.0,True,184.85,138.41750000000002,138.12625,138.12375000000003,138.10375000000002,,138.09625,138.75625,,187.525,139.01375,,,74.0,1425.0,0.5,437.875,138.75,23.33333333333333,2.0,mechanical,mixed,uncontrolled_burn
58,8.0,3.0,55.51,False,89.85,0.79,4.79,0.86,,1.34,,1.38,0.53,50.4,2.44,,264.3636363636364,264.3636363636364,,0.36,475.0,3.0,22.666666666666668,2.0,both,mixed,other
58,12.0,3.0,54.46,False,89.85,0.79,4.79,0.86,,1.34,,1.38,0.53,50.4,2.44,,264.3636363636364,264.3636363636364,,0.36,475.0,3.0,22.666666666666668,2.0,both,mixed,other
58,8.0,3.0,50.47,False,89.85,0.79,4.79,0.86,,1.34,,1.38,0.53,50.4,2.44,,264.3636363636364,264.3636363636364,,0.36,475.0,3.0,22.666666666666668,2.0,both,mixed,other
58,12.0,3.0,52.17,False,89.85,0.79,4.79,0.86,,1.34,,1.38,0.53,50.4,2.44,,264.3636363636364,264.3636363636364,,0.36,475.0,3.0,22.666666666666668,2.0,both,mixed,other
58,10.0,3.0,50.9,False,89.85,0.79,4.79,0.86,,1.34,,1.38,0.53,50.4,2.44,,264.3636363636364,264.3636363636364,,0.36,475.0,3.0,22.666666666666668,2.0,both,mixed,other
58,8.0,7.0,62.05,False,89.85,0.79,4.79,0.86,,1.34,,1.38,0.53,50.4,2.44,,264.3636363636364,264.3636363636364,,0.36,475.0,3.0,22.666666666666668,2.0,both,mixed,other
58,12.0,7.0,63.12,False,89.85,0.79,4.79,0.86,,1.34,,1.38,0.53,50.4,2.44,,264.3636363636364,264.3636363636364,,0.36,475.0,3.0,22.666666666666668,2.0,both,mixed,other
58,8.0,7.0,54.29,False,89.85,0.79,4.79,0.86,,1.34,,1.38,0.53,50.4,2.44,,264.3636363636364,264.3636363636364,,0.36,475.0,3.0,22.666666666666668,2.0,both,mixed,other
58,12.0,7.0,57.32,False,89.85,0.79,4.79,0.86,,1.34,,1.38,0.53,50.4,2.44,,264.3636363636364,264.3636363636364,,0.36,475.0,3.0,22.666666666666668,2.0,both,mixed,other
58,10.0,7.0,54.4,False,89.85,0.79,4.79,0.86,,1.34,,1.38,0.53,50.4,2.44,,264.3636363636364,264.3636363636364,,0.36,475.0,3.0,22.666666666666668,2.0,both,mixed,other
58,8.0,28.0,67.68,False,89.85,0.79,4.79,0.86,,1.34,,1.38,0.53,50.4,2.44,,264.3636363636364,264.3636363636364,,0.36,475.0,3.0,22.666666666666668,2.0,both,mixed,other
58,12.0,28.0,67.7,False,89.85,0.79,4.79,0.86,,1.34,,1.38,0.53,50.4,2.44,,264.3636363636364,264.3636363636364,,0.36,475.0,3.0,22.666666666666668,2.0,both,mixed,other
58,8.0,28.0,62.53,False,89.85,0.79,4.79,0.86,,1.34,,1.38,0.53,50.4,2.44,,264.3636363636364,264.3636363636364,,0.36,475.0,3.0,22.666666666666668,2.0,both,mixed,other
58,12.0,28.0,61.01,False,89.85,0.79,4.79,0.86,,1.34,,1.38,0.53,50.4,2.44,,264.3636363636364,264.3636363636364,,0.36,475.0,3.0,22.666666666666668,2.0,both,mixed,other
58,10.0,28.0,57.98,False,89.85,0.79,4.79,0.86,,1.34,,1.38,0.53,50.4,2.44,,264.3636363636364,264.3636363636364,,0.36,475.0,3.0,22.666666666666668,2.0,both,mixed,other
58,8.0,91.0,72.24,False,89.85,0.79,4.79,0.86,,1.34,,1.38,0.53,50.4,2.44,,264.3636363636364,264.3636363636364,,0.36,475.0,3.0,22.666666666666668,2.0,both,mixed,other
58,12.0,91.0,72.69,False,89.85,0.79,4.79,0.86,,1.34,,1.38,0.53,50.4,2.44,,264.3636363636364,264.3636363636364,,0.36,475.0,3.0,22.666666666666668,2.0,both,mixed,other
58,8.0,91.0,68.59,False,89.85,0.79,4.79,0.86,,1.34,,1.38,0.53,50.4,2.44,,264.3636363636364,264.3636363636364,,0.36,475.0,3.0,22.666666666666668,2.0,both,mixed,other
58,12.0,91.0,73.12,False,89.85,0.79,4.79,0.86,,1.34,,1.38,0.53,50.4,2.44,,264.3636363636364,264.3636363636364,,0.36,475.0,3.0,22.666666666666668,2.0,both,mixed,other
58,10.0,91.0,68.79,False,89.85,0.79,4.79,0.86,,1.34,,1.38,0.53,50.4,2.44,,264.3636363636364,264.3636363636364,,0.36,475.0,3.0,22.666666666666668,2.0,both,mixed,other
59,25.0,3.0,25.0,False,2.0,,,,,,,,,2.0,,,,,,0.2,,,5.0,2.0,mechanical,crystalline,burn_other
59,25.0,28.0,25.0,False,2.0,,,,,,,,,2.0,,,,,,0.2,,,5.0,2.0,mechanical,crystalline,burn_other
59,50.0,28.0,50.0,False,2.0,,,,,,,,,2.0,,,,,,0.2,,,5.0,2.0,mechanical,crystalline,burn_other
59,100.0,28.0,100.0,False,2.0,,,,,,,,,2.0,,,,,,0.2,,,5.0,2.0,mechanical,crystalline,burn_other
61,0.0,28.0,42.2,False,86.94,1.25,0.2,0.1,0.4,,0.45,2.225,,,2.3,,,,,0.39,,,,2.0,,,controlled_burn
61,5.0,28.0,38.45,False,86.94,1.25,0.2,0.1,0.4,,0.45,2.225,,,2.3,,,,,0.39,,,,2.0,,,controlled_burn
61,7.5,28.0,43.45,False,86.94,1.25,0.2,0.1,0.4,,0.45,2.225,,,2.3,,,,,0.39,,,,2.0,,,controlled_burn
61,10.0,28.0,40.9,False,86.94,1.25,0.2,0.1,0.4,,0.45,2.225,,,2.3,,,,,0.39,,,,2.0,,,controlled_burn
61,12.5,28.0,39.6,False,86.94,1.25,0.2,0.1,0.4,,0.45,2.225,,,2.3,,,,,0.39,,,,2.0,,,controlled_burn
61,15.0,28.0,38.6,False,86.94,1.25,0.2,0.1,0.4,,0.45,2.225,,,2.3,,,,,0.39,,,,2.0,,,controlled_burn
61,0.0,7.0,28.2,False,86.94,1.25,0.2,0.1,0.4,,0.45,2.225,,,2.3,,,,,0.39,,,,2.0,,,controlled_burn
61,5.0,7.0,27.5,False,86.94,1.25,0.2,0.1,0.4,,0.45,2.225,,,2.3,,,,,0.39,,,,2.0,,,controlled_burn
61,7.5,7.0,28.5,False,86.94,1.25,0.2,0.1,0.4,,0.45,2.225,,,2.3,,,,,0.39,,,,2.0,,,controlled_burn
61,10.0,7.0,27.9,False,86.94,1.25,0.2,0.1,0.4,,0.45,2.225,,,2.3,,,,,0.39,,,,2.0,,,controlled_burn
61,12.5,7.0,26.0,False,86.94,1.25,0.2,0.1,0.4,,0.45,2.225,,,2.3,,,,,0.39,,,,2.0,,,controlled_burn
61,15.0,7.0,25.6,False,86.94,1.25,0.2,0.1,0.4,,0.45,2.225,,,2.3,,,,,0.39,,,,2.0,,,controlled_burn
63,15.0,3.0,15.0,False,87.51,0.71,0.61,0.63,0.52,,0.05,1.87,,,2.0,,,,,,,,5.0,,mechanical,crystalline,other
63,25.0,3.0,25.0,False,87.51,0.71,0.61,0.63,0.52,,0.05,1.87,,,2.0,,,,,,,,5.0,,mechanical,crystalline,other
63,40.0,3.0,40.0,False,87.51,0.71,0.61,0.63,0.52,,0.05,1.87,,,2.0,,,,,,,,5.0,,mechanical,crystalline,other
63,15.0,28.0,15.0,False,87.51,0.71,0.61,0.63,0.52,,0.05,1.87,,,2.0,,,,,,,,5.0,,mechanical,crystalline,other
63,25.0,28.0,25.0,False,87.51,0.71,0.61,0.63,0.52,,0.05,1.87,,,2.0,,,,,,,,5.0,,mechanical,crystalline,other
63,40.0,28.0,40.0,False,87.51,0.71,0.61,0.63,0.52,,0.05,1.87,,,2.0,,,,,,,,5.0,,mechanical,crystalline,other
64,0.0,7.0,13.7,False,81.47,1.22,1.61,1.34,1.46,,0.08,0.32,4.92,81.47,2.06,,,,,0.5,650.0,,,,thermal,,controlled_burn
64,0.0,14.0,16.4,False,81.47,1.22,1.61,1.34,1.46,,0.08,0.32,4.92,81.47,2.06,,,,,0.5,650.0,,,,thermal,,controlled_burn
64,0.0,21.0,22.7,False,81.47,1.22,1.61,1.34,1.46,,0.08,0.32,4.92,81.47,2.06,,,,,0.5,650.0,,,,thermal,,controlled_burn
64,0.0,28.0,26.9,False,81.47,1.22,1.61,1.34,1.46,,0.08,0.32,4.92,81.47,2.06,,,,,0.5,650.0,,,,thermal,,controlled_burn
64,5.0,7.0,13.5,False,81.47,1.22,1.61,1.34,1.46,,0.08,0.32,4.92,81.47,2.06,,,,,0.5,650.0,,,,thermal,,controlled_burn
64,5.0,14.0,16.2,False,81.47,1.22,1.61,1.34,1.46,,0.08,0.32,4.92,81.47,2.06,,,,,0.5,650.0,,,,thermal,,controlled_burn
64,5.0,21.0,22.4,False,81.47,1.22,1.61,1.34,1.46,,0.08,0.32,4.92,81.47,2.06,,,,,0.5,650.0,,,,thermal,,controlled_burn
64,5.0,28.0,26.6,False,81.47,1.22,1.61,1.34,1.46,,0.08,0.32,4.92,81.47,2.06,,,,,0.5,650.0,,,,thermal,,controlled_burn
64,10.0,7.0,13.6,False,81.47,1.22,1.61,1.34,1.46,,0.08,0.32,4.92,81.47,2.06,,,,,0.5,650.0,,,,thermal,,controlled_burn
64,10.0,14.0,16.4,False,81.47,1.22,1.61,1.34,1.46,,0.08,0.32,4.92,81.47,2.06,,,,,0.5,650.0,,,,thermal,,controlled_burn
64,10.0,21.0,22.7,False,81.47,1.22,1.61,1.34,1.46,,0.08,0.32,4.92,81.47,2.06,,,,,0.5,650.0,,,,thermal,,controlled_burn
64,10.0,28.0,26.8,False,81.47,1.22,1.61,1.34,1.46,,0.08,0.32,4.92,81.47,2.06,,,,,0.5,650.0,,,,thermal,,controlled_burn
64,15.0,7.0,12.8,False,81.47,1.22,1.61,1.34,1.46,,0.08,0.32,4.92,81.47,2.06,,,,,0.5,650.0,,,,thermal,,controlled_burn
64,15.0,14.0,15.6,False,81.47,1.22,1.61,1.34,1.46,,0.08,0.32,4.92,81.47,2.06,,,,,0.5,650.0,,,,thermal,,controlled_burn
64,15.0,21.0,21.2,False,81.47,1.22,1.61,1.34,1.46,,0.08,0.32,4.92,81.47,2.06,,,,,0.5,650.0,,,,thermal,,controlled_burn
64,15.0,28.0,24.8,False,81.47,1.22,1.61,1.34,1.46,,0.08,0.32,4.92,81.47,2.06,,,,,0.5,650.0,,,,thermal,,controlled_burn
64,20.0,7.0,11.8,False,81.47,1.22,1.61,1.34,1.46,,0.08,0.32,4.92,81.47,2.06,,,,,0.5,650.0,,,,thermal,,controlled_burn
64,20.0,14.0,14.1,False,81.47,1.22,1.61,1.34,1.46,,0.08,0.32,4.92,81.47,2.06,,,,,0.5,650.0,,,,thermal,,controlled_burn
64,20.0,21.0,18.1,False,81.47,1.22,1.61,1.34,1.46,,0.08,0.32,4.92,81.47,2.06,,,,,0.5,650.0,,,,thermal,,controlled_burn
64,20.0,28.0,23.1,False,81.47,1.22,1.61,1.34,1.46,,0.08,0.32,4.92,81.47,2.06,,,,,0.5,650.0,,,,thermal,,controlled_burn
64,25.0,7.0,10.4,False,81.47,1.22,1.61,1.34,1.46,,0.08,0.32,4.92,81.47,2.06,,,,,0.5,650.0,,,,thermal,,controlled_burn
64,25.0,14.0,13.1,False,81.47,1.22,1.61,1.34,1.46,,0.08,0.32,4.92,81.47,2.06,,,,,0.5,650.0,,,,thermal,,controlled_burn
64,25.0,21.0,16.4,False,81.47,1.22,1.61,1.34,1.46,,0.08,0.32,4.92,81.47,2.06,,,,,0.5,650.0,,,,thermal,,controlled_burn
64,25.0,28.0,21.2,False,81.47,1.22,1.61,1.34,1.46,,0.08,0.32,4.92,81.47,2.06,,,,,0.5,650.0,,,,thermal,,controlled_burn
64,30.0,7.0,9.8,False,81.47,1.22,1.61,1.34,1.46,,0.08,0.32,4.92,81.47,2.06,,,,,0.5,650.0,,,,thermal,,controlled_burn
64,30.0,14.0,11.4,False,81.47,1.22,1.61,1.34,1.46,,0.08,0.32,4.92,81.47,2.06,,,,,0.5,650.0,,,,thermal,,controlled_burn
64,30.0,21.0,13.8,False,81.47,1.22,1.61,1.34,1.46,,0.08,0.32,4.92,81.47,2.06,,,,,0.5,650.0,,,,thermal,,controlled_burn
64,30.0,28.0,16.8,False,81.47,1.22,1.61,1.34,1.46,,0.08,0.32,4.92,81.47,2.06,,,,,0.5,650.0,,,,thermal,,controlled_burn
65,0.0,7.0,16.3,True,87.5,,,,,,,,,87.5,,,,,,0.4,,,,,,,other
65,5.0,7.0,16.8,True,87.5,,,,,,,,,87.5,,,,,,0.4,,,,,,,other
65,10.0,7.0,17.2,True,87.5,,,,,,,,,87.5,,,,,,0.4,,,,,,,other
65,15.0,7.0,17.8,True,87.5,,,,,,,,,87.5,,,,,,0.4,,,,,,,other
65,20.0,7.0,16.5,True,87.5,,,,,,,,,87.5,,,,,,0.4,,,,,,,other
65,25.0,7.0,15.8,True,87.5,,,,,,,,,87.5,,,,,,0.4,,,,,,,other
65,0.0,14.0,23.3,True,87.5,,,,,,,,,87.5,,,,,,0.4,,,,,,,other
65,5.0,14.0,22.8,True,87.5,,,,,,,,,87.5,,,,,,0.4,,,,,,,other
65,10.0,14.0,24.5,True,87.5,,,,,,,,,87.5,,,,,,0.4,,,,,,,other
65,15.0,14.0,25.5,True,87.5,,,,,,,,,87.5,,,,,,0.4,,,,,,,other
65,20.0,14.0,23.5,True,87.5,,,,,,,,,87.5,,,,,,0.4,,,,,,,other
65,25.0,14.0,22.7,True,87.5,,,,,,,,,87.5,,,,,,0.4,,,,,,,other
65,0.0,28.0,26.0,True,87.5,,,,,,,,,87.5,,,,,,0.4,,,,,,,other
65,5.0,28.0,26.5,True,87.5,,,,,,,,,87.5,,,,,,0.4,,,,,,,other
65,10.0,28.0,27.2,True,87.5,,,,,,,,,87.5,,,,,,0.4,,,,,,,other
65,15.0,28.0,28.0,True,87.5,,,,,,,,,87.5,,,,,,0.4,,,,,,,other
65,20.0,28.0,26.1,True,87.5,,,,,,,,,87.5,,,,,,0.4,,,,,,,other
65,25.0,28.0,25.2,True,87.5,,,,,,,,,87.5,,,,,,0.4,,,,,,,other
67,0.0,56.0,67.05,False,75.24,2.42,2.18,2.24,2.28,0.12,0.86,1.72,12.99,,,,,,,0.35,,,,,,,controlled_burn
67,5.0,56.0,69.13,False,75.24,2.42,2.18,2.24,2.28,0.12,0.86,1.72,12.99,,,,,,,0.35,,,,,,,controlled_burn
67,10.0,56.0,71.85,False,75.24,2.42,2.18,2.24,2.28,0.12,0.86,1.72,12.99,,,,,,,0.35,,,,,,,controlled_burn
67,15.0,56.0,65.35,False,75.24,2.42,2.18,2.24,2.28,0.12,0.86,1.72,12.99,,,,,,,0.35,,,,,,,controlled_burn
67,20.0,56.0,63.77,False,75.24,2.42,2.18,2.24,2.28,0.12,0.86,1.72,12.99,,,,,,,0.35,,,,,,,controlled_burn
68,15.0,28.0,21.0,False,89.03333333333333,1.3257142857142856,1.2607142857142857,0.8185714285714286,1.0007142857142857,0.8464285714285714,0.2714285714285714,2.472142857142857,5.14,,2.29,19.53333333333333,7000.0,,,0.39875,681.25,24.5,185.0,2.0,mechanical,mixed,uncontrolled_burn
69,2.5,7.0,2.5,False,,,,,,,,,,,2.24,,87.0,,,0.4,,,,,,,burn_other
69,5.0,7.0,5.0,False,,,,,,,,,,,2.24,,87.0,,,0.4,,,,,,,burn_other
69,7.5,7.0,7.5,False,,,,,,,,,,,2.24,,87.0,,,0.4,,,,,,,burn_other
69,10.0,7.0,10.0,False,,,,,,,,,,,2.24,,87.0,,,0.4,,,,,,,burn_other
69,2.5,14.0,2.5,False,,,,,,,,,,,2.24,,87.0,,,0.4,,,,,,,burn_other
69,5.0,14.0,5.0,False,,,,,,,,,,,2.24,,87.0,,,0.4,,,,,,,burn_other
69,7.5,14.0,7.5,False,,,,,,,,,,,2.24,,87.0,,,0.4,,,,,,,burn_other
69,10.0,14.0,10.0,False,,,,,,,,,,,2.24,,87.0,,,0.4,,,,,,,burn_other
69,2.5,28.0,2.5,False,,,,,,,,,,,2.24,,87.0,,,0.4,,,,,,,burn_other
69,5.0,28.0,5.0,False,,,,,,,,,,,2.24,,87.0,,,0.4,,,,,,,burn_other
69,7.5,28.0,7.5,False,,,,,,,,,,,2.24,,87.0,,,0.4,,,,,,,burn_other
69,10.0,28.0,10.0,False,,,,,,,,,,,2.24,,87.0,,,0.4,,,,,,,burn_other
69,2.5,91.0,2.5,False,,,,,,,,,,,2.24,,87.0,,,0.4,,,,,,,burn_other
69,5.0,91.0,5.0,False,,,,,,,,,,,2.24,,87.0,,,0.4,,,,,,,burn_other
69,7.5,91.0,7.5,False,,,,,,,,,,,2.24,,87.0,,,0.4,,,,,,,burn_other
69,10.0,91.0,10.0,False,,,,,,,,,,,2.24,,87.0,,,0.4,,,,,,,burn_other
72,0.0,28.0,33.905,True,86.77625,1.07875,1.0450000000000002,0.87625,0.6271428571428571,,0.3742857142857143,2.4385714285714286,12.0,88.33333333333333,2.154,28.03333333333333,347.79315789473685,,,,600.0,,86.0,2.0,both,mixed,controlled_burn
72,5.0,28.0,31.835,True,86.77625,1.07875,1.0450000000000002,0.87625,0.6271428571428571,,0.3742857142857143,2.4385714285714286,12.0,88.33333333333333,2.154,28.03333333333333,347.79315789473685,,,,600.0,,86.0,2.0,both,mixed,controlled_burn
72,10.0,28.0,33.94,True,86.77625,1.07875,1.0450000000000002,0.87625,0.6271428571428571,,0.3742857142857143,2.4385714285714286,12.0,88.33333333333333,2.154,28.03333333333333,347.79315789473685,,,,600.0,,86.0,2.0,both,mixed,controlled_burn
72,20.0,28.0,34.675,True,86.77625,1.07875,1.0450000000000002,0.87625,0.6271428571428571,,0.3742857142857143,2.4385714285714286,12.0,88.33333333333333,2.154,28.03333333333333,347.79315789473685,,,,600.0,,86.0,2.0,both,mixed,controlled_burn
72,30.0,28.0,35.665,True,86.77625,1.07875,1.0450000000000002,0.87625,0.6271428571428571,,0.3742857142857143,2.4385714285714286,12.0,88.33333333333333,2.154,28.03333333333333,347.79315789473685,,,,600.0,,86.0,2.0,both,mixed,controlled_burn
72,0.0,28.0,54.0,False,86.77625,1.07875,1.0450000000000002,0.87625,0.6271428571428571,,0.3742857142857143,2.4385714285714286,12.0,88.33333333333333,2.154,28.03333333333333,347.79315789473685,,,,600.0,,86.0,2.0,both,mixed,controlled_burn
72,5.0,28.0,55.4,False,86.77625,1.07875,1.0450000000000002,0.87625,0.6271428571428571,,0.3742857142857143,2.4385714285714286,12.0,88.33333333333333,2.154,28.03333333333333,347.79315789473685,,,,600.0,,86.0,2.0,both,mixed,controlled_burn
72,10.0,28.0,62.3,False,86.77625,1.07875,1.0450000000000002,0.87625,0.6271428571428571,,0.3742857142857143,2.4385714285714286,12.0,88.33333333333333,2.154,28.03333333333333,347.79315789473685,,,,600.0,,86.0,2.0,both,mixed,controlled_burn
72,20.0,28.0,60.2,False,86.77625,1.07875,1.0450000000000002,0.87625,0.6271428571428571,,0.3742857142857143,2.4385714285714286,12.0,88.33333333333333,2.154,28.03333333333333,347.79315789473685,,,,600.0,,86.0,2.0,both,mixed,controlled_burn
72,0.0,200.0,24.25,True,86.77625,1.07875,1.0450000000000002,0.87625,0.6271428571428571,,0.3742857142857143,2.4385714285714286,12.0,88.33333333333333,2.154,28.03333333333333,347.79315789473685,,,,600.0,,86.0,2.0,both,mixed,controlled_burn
72,5.0,200.0,15.7,True,86.77625,1.07875,1.0450000000000002,0.87625,0.6271428571428571,,0.3742857142857143,2.4385714285714286,12.0,88.33333333333333,2.154,28.03333333333333,347.79315789473685,,,,600.0,,86.0,2.0,both,mixed,controlled_burn
72,10.0,200.0,17.2,True,86.77625,1.07875,1.0450000000000002,0.87625,0.6271428571428571,,0.3742857142857143,2.4385714285714286,12.0,88.33333333333333,2.154,28.03333333333333,347.79315789473685,,,,600.0,,86.0,2.0,both,mixed,controlled_burn
74,0.0,7.0,20.25,False,92.76,3.85,0.79,1.98,,,0.4,0.22,,,2.12,,,,,0.55,600.0,6.0,,,thermal,,controlled_burn
74,0.0,14.0,28.45,False,92.76,3.85,0.79,1.98,,,0.4,0.22,,,2.12,,,,,0.55,600.0,6.0,,,thermal,,controlled_burn
74,0.0,28.0,33.45,False,92.76,3.85,0.79,1.98,,,0.4,0.22,,,2.12,,,,,0.55,600.0,6.0,,,thermal,,controlled_burn
74,5.0,7.0,21.23,False,92.76,3.85,0.79,1.98,,,0.4,0.22,,,2.12,,,,,0.55,600.0,6.0,,,thermal,,controlled_burn
74,5.0,14.0,29.25,False,92.76,3.85,0.79,1.98,,,0.4,0.22,,,2.12,,,,,0.55,600.0,6.0,,,thermal,,controlled_burn
74,5.0,28.0,34.5,False,92.76,3.85,0.79,1.98,,,0.4,0.22,,,2.12,,,,,0.55,600.0,6.0,,,thermal,,controlled_burn
74,10.0,7.0,22.23,False,92.76,3.85,0.79,1.98,,,0.4,0.22,,,2.12,,,,,0.55,600.0,6.0,,,thermal,,controlled_burn
74,10.0,14.0,30.78,False,92.76,3.85,0.79,1.98,,,0.4,0.22,,,2.12,,,,,0.55,600.0,6.0,,,thermal,,controlled_burn
74,10.0,28.0,35.7,False,92.76,3.85,0.79,1.98,,,0.4,0.22,,,2.12,,,,,0.55,600.0,6.0,,,thermal,,controlled_burn
74,15.0,7.0,23.72,False,92.76,3.85,0.79,1.98,,,0.4,0.22,,,2.12,,,,,0.55,600.0,6.0,,,thermal,,controlled_burn
74,15.0,14.0,32.85,False,92.76,3.85,0.79,1.98,,,0.4,0.22,,,2.12,,,,,0.55,600.0,6.0,,,thermal,,controlled_burn
74,15.0,28.0,37.12,False,92.76,3.85,0.79,1.98,,,0.4,0.22,,,2.12,,,,,0.55,600.0,6.0,,,thermal,,controlled_burn
74,20.0,7.0,21.25,False,92.76,3.85,0.79,1.98,,,0.4,0.22,,,2.12,,,,,0.55,600.0,6.0,,,thermal,,controlled_burn
74,20.0,14.0,29.85,False,92.76,3.85,0.79,1.98,,,0.4,0.22,,,2.12,,,,,0.55,600.0,6.0,,,thermal,,controlled_burn
74,20.0,28.0,34.9,False,92.76,3.85,0.79,1.98,,,0.4,0.22,,,2.12,,,,,0.55,600.0,6.0,,,thermal,,controlled_burn
76,7.0,10.0,22.0,False,83.1,4.7,2.15,1.1,1.5,1.2,0.1,2.96,1.13,,2.45,4.5,165.0,165.0,,0.5,550.0,,30.0,2.0,mechanical,amorphous,controlled_burn
76,7.0,10.0,20.0,False,83.1,4.7,2.15,1.1,1.5,1.2,0.1,2.96,1.13,,2.45,4.5,165.0,165.0,,0.5,550.0,,30.0,2.0,mechanical,amorphous,controlled_burn
76,14.0,10.0,25.0,False,83.1,4.7,2.15,1.1,1.5,1.2,0.1,2.96,1.13,,2.45,4.5,165.0,165.0,,0.5,550.0,,30.0,2.0,mechanical,amorphous,controlled_burn
76,14.0,10.0,23.5,False,83.1,4.7,2.15,1.1,1.5,1.2,0.1,2.96,1.13,,2.45,4.5,165.0,165.0,,0.5,550.0,,30.0,2.0,mechanical,amorphous,controlled_burn
76,14.0,10.0,21.5,False,83.1,4.7,2.15,1.1,1.5,1.2,0.1,2.96,1.13,,2.45,4.5,165.0,165.0,,0.5,550.0,,30.0,2.0,mechanical,amorphous,controlled_burn
76,7.0,20.0,29.0,False,83.1,4.7,2.15,1.1,1.5,1.2,0.1,2.96,1.13,,2.45,4.5,165.0,165.0,,0.5,550.0,,30.0,2.0,mechanical,amorphous,controlled_burn
76,7.0,20.0,26.0,False,83.1,4.7,2.15,1.1,1.5,1.2,0.1,2.96,1.13,,2.45,4.5,165.0,165.0,,0.5,550.0,,30.0,2.0,mechanical,amorphous,controlled_burn
76,14.0,20.0,31.0,False,83.1,4.7,2.15,1.1,1.5,1.2,0.1,2.96,1.13,,2.45,4.5,165.0,165.0,,0.5,550.0,,30.0,2.0,mechanical,amorphous,controlled_burn
76,14.0,20.0,28.0,False,83.1,4.7,2.15,1.1,1.5,1.2,0.1,2.96,1.13,,2.45,4.5,165.0,165.0,,0.5,550.0,,30.0,2.0,mechanical,amorphous,controlled_burn
76,14.0,20.0,26.0,False,83.1,4.7,2.15,1.1,1.5,1.2,0.1,2.96,1.13,,2.45,4.5,165.0,165.0,,0.5,550.0,,30.0,2.0,mechanical,amorphous,controlled_burn
76,7.0,30.0,35.7,False,83.1,4.7,2.15,1.1,1.5,1.2,0.1,2.96,1.13,,2.45,4.5,165.0,165.0,,0.5,550.0,,30.0,2.0,mechanical,amorphous,controlled_burn
76,7.0,30.0,32.0,False,83.1,4.7,2.15,1.1,1.5,1.2,0.1,2.96,1.13,,2.45,4.5,165.0,165.0,,0.5,550.0,,30.0,2.0,mechanical,amorphous,controlled_burn
76,7.0,30.0,30.0,False,83.1,4.7,2.15,1.1,1.5,1.2,0.1,2.96,1.13,,2.45,4.5,165.0,165.0,,0.5,550.0,,30.0,2.0,mechanical,amorphous,controlled_burn
76,14.0,30.0,36.5,False,83.1,4.7,2.15,1.1,1.5,1.2,0.1,2.96,1.13,,2.45,4.5,165.0,165.0,,0.5,550.0,,30.0,2.0,mechanical,amorphous,controlled_burn
76,14.0,30.0,32.0,False,83.1,4.7,2.15,1.1,1.5,1.2,0.1,2.96,1.13,,2.45,4.5,165.0,165.0,,0.5,550.0,,30.0,2.0,mechanical,amorphous,controlled_burn
76,14.0,30.0,30.0,False,83.1,4.7,2.15,1.1,1.5,1.2,0.1,2.96,1.13,,2.45,4.5,165.0,165.0,,0.5,550.0,,30.0,2.0,mechanical,amorphous,controlled_burn
78,0.0,28.0,31.0,False,90.8,0.07,0.11,0.6,1.7,0.03,0.76,,,45.4,2.02,9.0,,,16500.0,0.4333333333333333,516.6666666666666,2.0,,2.0,both,crystalline,controlled_burn
78,10.0,28.0,37.8,False,90.8,0.07,0.11,0.6,1.7,0.03,0.76,,,45.4,2.02,9.0,,,16500.0,0.4333333333333333,516.6666666666666,2.0,,2.0,both,crystalline,controlled_burn
78,10.0,28.0,10.0,False,90.8,0.07,0.11,0.6,1.7,0.03,0.76,,,45.4,2.02,9.0,,,16500.0,0.4333333333333333,516.6666666666666,2.0,,2.0,both,crystalline,controlled_burn
78,15.0,28.0,44.6,False,90.8,0.07,0.11,0.6,1.7,0.03,0.76,,,45.4,2.02,9.0,,,16500.0,0.4333333333333333,516.6666666666666,2.0,,2.0,both,crystalline,controlled_burn
78,15.0,28.0,15.0,False,90.8,0.07,0.11,0.6,1.7,0.03,0.76,,,45.4,2.02,9.0,,,16500.0,0.4333333333333333,516.6666666666666,2.0,,2.0,both,crystalline,controlled_burn
78,20.0,28.0,41.8,False,90.8,0.07,0.11,0.6,1.7,0.03,0.76,,,45.4,2.02,9.0,,,16500.0,0.4333333333333333,516.6666666666666,2.0,,2.0,both,crystalline,controlled_burn
78,20.0,28.0,20.0,False,90.8,0.07,0.11,0.6,1.7,0.03,0.76,,,45.4,2.02,9.0,,,16500.0,0.4333333333333333,516.6666666666666,2.0,,2.0,both,crystalline,controlled_burn
78,0.0,56.0,45.6,False,90.8,0.07,0.11,0.6,1.7,0.03,0.76,,,45.4,2.02,9.0,,,16500.0,0.4333333333333333,516.6666666666666,2.0,,2.0,both,crystalline,controlled_burn
78,10.0,56.0,52.4,False,90.8,0.07,0.11,0.6,1.7,0.03,0.76,,,45.4,2.02,9.0,,,16500.0,0.4333333333333333,516.6666666666666,2.0,,2.0,both,crystalline,controlled_burn
78,10.0,56.0,10.0,False,90.8,0.07,0.11,0.6,1.7,0.03,0.76,,,45.4,2.02,9.0,,,16500.0,0.4333333333333333,516.6666666666666,2.0,,2.0,both,crystalline,controlled_burn
78,15.0,56.0,54.4,False,90.8,0.07,0.11,0.6,1.7,0.03,0.76,,,45.4,2.02,9.0,,,16500.0,0.4333333333333333,516.6666666666666,2.0,,2.0,both,crystalline,controlled_burn
78,15.0,56.0,15.0,False,90.8,0.07,0.11,0.6,1.7,0.03,0.76,,,45.4,2.02,9.0,,,16500.0,0.4333333333333333,516.6666666666666,2.0,,2.0,both,crystalline,controlled_burn
78,20.0,56.0,48.2,False,90.8,0.07,0.11,0.6,1.7,0.03,0.76,,,45.4,2.02,9.0,,,16500.0,0.4333333333333333,516.6666666666666,2.0,,2.0,both,crystalline,controlled_burn
78,20.0,56.0,20.0,False,90.8,0.07,0.11,0.6,1.7,0.03,0.76,,,45.4,2.02,9.0,,,16500.0,0.4333333333333333,516.6666666666666,2.0,,2.0,both,crystalline,controlled_burn
78,0.0,90.0,47.1,False,90.8,0.07,0.11,0.6,1.7,0.03,0.76,,,45.4,2.02,9.0,,,16500.0,0.4333333333333333,516.6666666666666,2.0,,2.0,both,crystalline,controlled_burn
78,10.0,90.0,59.3,False,90.8,0.07,0.11,0.6,1.7,0.03,0.76,,,45.4,2.02,9.0,,,16500.0,0.4333333333333333,516.6666666666666,2.0,,2.0,both,crystalline,controlled_burn
78,10.0,90.0,10.0,False,90.8,0.07,0.11,0.6,1.7,0.03,0.76,,,45.4,2.02,9.0,,,16500.0,0.4333333333333333,516.6666666666666,2.0,,2.0,both,crystalline,controlled_burn
78,15.0,90.0,61.0,False,90.8,0.07,0.11,0.6,1.7,0.03,0.76,,,45.4,2.02,9.0,,,16500.0,0.4333333333333333,516.6666666666666,2.0,,2.0,both,crystalline,controlled_burn
78,15.0,90.0,15.0,False,90.8,0.07,0.11,0.6,1.7,0.03,0.76,,,45.4,2.02,9.0,,,16500.0,0.4333333333333333,516.6666666666666,2.0,,2.0,both,crystalline,controlled_burn
78,20.0,90.0,56.8,False,90.8,0.07,0.11,0.6,1.7,0.03,0.76,,,45.4,2.02,9.0,,,16500.0,0.4333333333333333,516.6666666666666,2.0,,2.0,both,crystalline,controlled_burn
78,20.0,90.0,20.0,False,90.8,0.07,0.11,0.6,1.7,0.03,0.76,,,45.4,2.02,9.0,,,16500.0,0.4333333333333333,516.6666666666666,2.0,,2.0,both,crystalline,controlled_burn
78,0.0,120.0,58.1,False,90.8,0.07,0.11,0.6,1.7,0.03,0.76,,,45.4,2.02,9.0,,,16500.0,0.4333333333333333,516.6666666666666,2.0,,2.0,both,crystalline,controlled_burn
78,10.0,120.0,65.2,False,90.8,0.07,0.11,0.6,1.7,0.03,0.76,,,45.4,2.02,9.0,,,16500.0,0.4333333333333333,516.6666666666666,2.0,,2.0,both,crystalline,controlled_burn
78,10.0,120.0,10.0,False,90.8,0.07,0.11,0.6,1.7,0.03,0.76,,,45.4,2.02,9.0,,,16500.0,0.4333333333333333,516.6666666666666,2.0,,2.0,both,crystalline,controlled_burn
78,15.0,120.0,68.0,False,90.8,0.07,0.11,0.6,1.7,0.03,0.76,,,45.4,2.02,9.0,,,16500.0,0.4333333333333333,516.6666666666666,2.0,,2.0,both,crystalline,controlled_burn
78,15.0,120.0,15.0,False,90.8,0.07,0.11,0.6,1.7,0.03,0.76,,,45.4,2.02,9.0,,,16500.0,0.4333333333333333,516.6666666666666,2.0,,2.0,both,crystalline,controlled_burn
78,20.0,120.0,63.5,False,90.8,0.07,0.11,0.6,1.7,0.03,0.76,,,45.4,2.02,9.0,,,16500.0,0.4333333333333333,516.6666666666666,2.0,,2.0,both,crystalline,controlled_burn
78,20.0,120.0,20.0,False,90.8,0.07,0.11,0.6,1.7,0.03,0.76,,,45.4,2.02,9.0,,,16500.0,0.4333333333333333,516.6666666666666,2.0,,2.0,both,crystalline,controlled_burn
