paper_id,segment,cell_preview
1,54.3 (3d),"Cube (fcu):
Mix A: 54.3 (3d), 62.3 (7d), 72.4 (28d), 85.0 (150d)
Mix Aa-10: 46.2 (3d), 56.0 (7d), 68.1 (28d), 71.1 (150d"
1,62.3 (7d),"Cube (fcu):
Mix A: 54.3 (3d), 62.3 (7d), 72.4 (28d), 85.0 (150d)
Mix Aa-10: 46.2 (3d), 56.0 (7d), 68.1 (28d), 71.1 (150d"
1,72.4 (28d),"Cube (fcu):
Mix A: 54.3 (3d), 62.3 (7d), 72.4 (28d), 85.0 (150d)
Mix Aa-10: 46.2 (3d), 56.0 (7d), 68.1 (28d), 71.1 (150d"
1,85.0 (150d),"Cube (fcu):
Mix A: 54.3 (3d), 62.3 (7d), 72.4 (28d), 85.0 (150d)
Mix Aa-10: 46.2 (3d), 56.0 (7d), 68.1 (28d), 71.1 (150d"
2,1-day range ~2837.5 MPa,GRAPH-DERIVED: 1-day range ~2837.5 MPa; 28-day range ~5972.5 MPa (depending on RHA type and replacement level)
2,28-day range ~5972.5 MPa (depending on RHA type and replacement level),GRAPH-DERIVED: 1-day range ~2837.5 MPa; 28-day range ~5972.5 MPa (depending on RHA type and replacement level)
3,20.8 to 51.1,7-day: 20.8 to 51.1; 28-day: 31.5 to 60.4; 91-day: 35.5 to 68.5
3,31.5 to 60.4,7-day: 20.8 to 51.1; 28-day: 31.5 to 60.4; 91-day: 35.5 to 68.5
3,35.5 to 68.5,7-day: 20.8 to 51.1; 28-day: 31.5 to 60.4; 91-day: 35.5 to 68.5
4,M0=11.6,"Mortar (1-day): M0=11.6, M1=12.0, M2=12.8, M3=13.8, M4=12.2, M5=11.7, M6=11.1, M7=10.4;
Mortar (3-day): M0=20.9, M1=22.1"
4,M1=12.0,"Mortar (1-day): M0=11.6, M1=12.0, M2=12.8, M3=13.8, M4=12.2, M5=11.7, M6=11.1, M7=10.4;
Mortar (3-day): M0=20.9, M1=22.1"
4,M2=12.8,"Mortar (1-day): M0=11.6, M1=12.0, M2=12.8, M3=13.8, M4=12.2, M5=11.7, M6=11.1, M7=10.4;
Mortar (3-day): M0=20.9, M1=22.1"
4,M3=13.8,"Mortar (1-day): M0=11.6, M1=12.0, M2=12.8, M3=13.8, M4=12.2, M5=11.7, M6=11.1, M7=10.4;
Mortar (3-day): M0=20.9, M1=22.1"
4,M4=12.2,"Mortar (1-day): M0=11.6, M1=12.0, M2=12.8, M3=13.8, M4=12.2, M5=11.7, M6=11.1, M7=10.4;
Mortar (3-day): M0=20.9, M1=22.1"
4,M6=11.1,"Mortar (1-day): M0=11.6, M1=12.0, M2=12.8, M3=13.8, M4=12.2, M5=11.7, M6=11.1, M7=10.4;
Mortar (3-day): M0=20.9, M1=22.1"
4,M7=10.4,"Mortar (1-day): M0=11.6, M1=12.0, M2=12.8, M3=13.8, M4=12.2, M5=11.7, M6=11.1, M7=10.4;
Mortar (3-day): M0=20.9, M1=22.1"
4,M0=20.9,"Mortar (1-day): M0=11.6, M1=12.0, M2=12.8, M3=13.8, M4=12.2, M5=11.7, M6=11.1, M7=10.4;
Mortar (3-day): M0=20.9, M1=22.1"
4,M1=22.1,"Mortar (1-day): M0=11.6, M1=12.0, M2=12.8, M3=13.8, M4=12.2, M5=11.7, M6=11.1, M7=10.4;
Mortar (3-day): M0=20.9, M1=22.1"
4,M2=24.4,"Mortar (1-day): M0=11.6, M1=12.0, M2=12.8, M3=13.8, M4=12.2, M5=11.7, M6=11.1, M7=10.4;
Mortar (3-day): M0=20.9, M1=22.1"
4,M3=28.9,"Mortar (1-day): M0=11.6, M1=12.0, M2=12.8, M3=13.8, M4=12.2, M5=11.7, M6=11.1, M7=10.4;
Mortar (3-day): M0=20.9, M1=22.1"
4,M4=24.8,"Mortar (1-day): M0=11.6, M1=12.0, M2=12.8, M3=13.8, M4=12.2, M5=11.7, M6=11.1, M7=10.4;
Mortar (3-day): M0=20.9, M1=22.1"
4,M6=20.74,"Mortar (1-day): M0=11.6, M1=12.0, M2=12.8, M3=13.8, M4=12.2, M5=11.7, M6=11.1, M7=10.4;
Mortar (3-day): M0=20.9, M1=22.1"
4,M7=18.4,"Mortar (1-day): M0=11.6, M1=12.0, M2=12.8, M3=13.8, M4=12.2, M5=11.7, M6=11.1, M7=10.4;
Mortar (3-day): M0=20.9, M1=22.1"
4,M0=27.2,"Mortar (1-day): M0=11.6, M1=12.0, M2=12.8, M3=13.8, M4=12.2, M5=11.7, M6=11.1, M7=10.4;
Mortar (3-day): M0=20.9, M1=22.1"
4,M1=27.4,"Mortar (1-day): M0=11.6, M1=12.0, M2=12.8, M3=13.8, M4=12.2, M5=11.7, M6=11.1, M7=10.4;
Mortar (3-day): M0=20.9, M1=22.1"
4,M2=27.8,"Mortar (1-day): M0=11.6, M1=12.0, M2=12.8, M3=13.8, M4=12.2, M5=11.7, M6=11.1, M7=10.4;
Mortar (3-day): M0=20.9, M1=22.1"
4,M3=29.3,"Mortar (1-day): M0=11.6, M1=12.0, M2=12.8, M3=13.8, M4=12.2, M5=11.7, M6=11.1, M7=10.4;
Mortar (3-day): M0=20.9, M1=22.1"
4,M4=28.3,"Mortar (1-day): M0=11.6, M1=12.0, M2=12.8, M3=13.8, M4=12.2, M5=11.7, M6=11.1, M7=10.4;
Mortar (3-day): M0=20.9, M1=22.1"
4,M6=27.4,"Mortar (1-day): M0=11.6, M1=12.0, M2=12.8, M3=13.8, M4=12.2, M5=11.7, M6=11.1, M7=10.4;
Mortar (3-day): M0=20.9, M1=22.1"
4,M7=26.4,"Mortar (1-day): M0=11.6, M1=12.0, M2=12.8, M3=13.8, M4=12.2, M5=11.7, M6=11.1, M7=10.4;
Mortar (3-day): M0=20.9, M1=22.1"
4,M0=37.0,"Mortar (1-day): M0=11.6, M1=12.0, M2=12.8, M3=13.8, M4=12.2, M5=11.7, M6=11.1, M7=10.4;
Mortar (3-day): M0=20.9, M1=22.1"
4,M1=38.9,"Mortar (1-day): M0=11.6, M1=12.0, M2=12.8, M3=13.8, M4=12.2, M5=11.7, M6=11.1, M7=10.4;
Mortar (3-day): M0=20.9, M1=22.1"
4,M2=42.8,"Mortar (1-day): M0=11.6, M1=12.0, M2=12.8, M3=13.8, M4=12.2, M5=11.7, M6=11.1, M7=10.4;
Mortar (3-day): M0=20.9, M1=22.1"
4,M3=46.7,"Mortar (1-day): M0=11.6, M1=12.0, M2=12.8, M3=13.8, M4=12.2, M5=11.7, M6=11.1, M7=10.4;
Mortar (3-day): M0=20.9, M1=22.1"
4,M4=39.8,"Mortar (1-day): M0=11.6, M1=12.0, M2=12.8, M3=13.8, M4=12.2, M5=11.7, M6=11.1, M7=10.4;
Mortar (3-day): M0=20.9, M1=22.1"
4,M6=37.0,"Mortar (1-day): M0=11.6, M1=12.0, M2=12.8, M3=13.8, M4=12.2, M5=11.7, M6=11.1, M7=10.4;
Mortar (3-day): M0=20.9, M1=22.1"
4,M7=36.0,"Mortar (1-day): M0=11.6, M1=12.0, M2=12.8, M3=13.8, M4=12.2, M5=11.7, M6=11.1, M7=10.4;
Mortar (3-day): M0=20.9, M1=22.1"
4,R0=32.3,"Mortar (1-day): M0=11.6, M1=12.0, M2=12.8, M3=13.8, M4=12.2, M5=11.7, M6=11.1, M7=10.4;
Mortar (3-day): M0=20.9, M1=22.1"
4,R1=27.6  [pct not in declared levels],"Mortar (1-day): M0=11.6, M1=12.0, M2=12.8, M3=13.8, M4=12.2, M5=11.7, M6=11.1, M7=10.4;
Mortar (3-day): M0=20.9, M1=22.1"
4,R2=28.0  [pct not in declared levels],"Mortar (1-day): M0=11.6, M1=12.0, M2=12.8, M3=13.8, M4=12.2, M5=11.7, M6=11.1, M7=10.4;
Mortar (3-day): M0=20.9, M1=22.1"
4,R3=36.0  [pct not in declared levels],"Mortar (1-day): M0=11.6, M1=12.0, M2=12.8, M3=13.8, M4=12.2, M5=11.7, M6=11.1, M7=10.4;
Mortar (3-day): M0=20.9, M1=22.1"
4,R4=39.3  [pct not in declared levels],"Mortar (1-day): M0=11.6, M1=12.0, M2=12.8, M3=13.8, M4=12.2, M5=11.7, M6=11.1, M7=10.4;
Mortar (3-day): M0=20.9, M1=22.1"
4,R6=37.6  [pct not in declared levels],"Mortar (1-day): M0=11.6, M1=12.0, M2=12.8, M3=13.8, M4=12.2, M5=11.7, M6=11.1, M7=10.4;
Mortar (3-day): M0=20.9, M1=22.1"
4,R7=31.1  [pct not in declared levels],"Mortar (1-day): M0=11.6, M1=12.0, M2=12.8, M3=13.8, M4=12.2, M5=11.7, M6=11.1, M7=10.4;
Mortar (3-day): M0=20.9, M1=22.1"
4,R0=37.1,"Mortar (1-day): M0=11.6, M1=12.0, M2=12.8, M3=13.8, M4=12.2, M5=11.7, M6=11.1, M7=10.4;
Mortar (3-day): M0=20.9, M1=22.1"
4,R1=34.2  [pct not in declared levels],"Mortar (1-day): M0=11.6, M1=12.0, M2=12.8, M3=13.8, M4=12.2, M5=11.7, M6=11.1, M7=10.4;
Mortar (3-day): M0=20.9, M1=22.1"
4,R2=41.3  [pct not in declared levels],"Mortar (1-day): M0=11.6, M1=12.0, M2=12.8, M3=13.8, M4=12.2, M5=11.7, M6=11.1, M7=10.4;
Mortar (3-day): M0=20.9, M1=22.1"
4,R3=41.8  [pct not in declared levels],"Mortar (1-day): M0=11.6, M1=12.0, M2=12.8, M3=13.8, M4=12.2, M5=11.7, M6=11.1, M7=10.4;
Mortar (3-day): M0=20.9, M1=22.1"
4,R4=29.7  [pct not in declared levels],"Mortar (1-day): M0=11.6, M1=12.0, M2=12.8, M3=13.8, M4=12.2, M5=11.7, M6=11.1, M7=10.4;
Mortar (3-day): M0=20.9, M1=22.1"
4,R6=33.5  [pct not in declared levels],"Mortar (1-day): M0=11.6, M1=12.0, M2=12.8, M3=13.8, M4=12.2, M5=11.7, M6=11.1, M7=10.4;
Mortar (3-day): M0=20.9, M1=22.1"
4,R7=35.1  [pct not in declared levels],"Mortar (1-day): M0=11.6, M1=12.0, M2=12.8, M3=13.8, M4=12.2, M5=11.7, M6=11.1, M7=10.4;
Mortar (3-day): M0=20.9, M1=22.1"
4,R0=27.2,"Mortar (1-day): M0=11.6, M1=12.0, M2=12.8, M3=13.8, M4=12.2, M5=11.7, M6=11.1, M7=10.4;
Mortar (3-day): M0=20.9, M1=22.1"
4,R1=40.0  [pct not in declared levels],"Mortar (1-day): M0=11.6, M1=12.0, M2=12.8, M3=13.8, M4=12.2, M5=11.7, M6=11.1, M7=10.4;
Mortar (3-day): M0=20.9, M1=22.1"
4,R2=35.3  [pct not in declared levels],"Mortar (1-day): M0=11.6, M1=12.0, M2=12.8, M3=13.8, M4=12.2, M5=11.7, M6=11.1, M7=10.4;
Mortar (3-day): M0=20.9, M1=22.1"
4,R3=29.3  [pct not in declared levels],"Mortar (1-day): M0=11.6, M1=12.0, M2=12.8, M3=13.8, M4=12.2, M5=11.7, M6=11.1, M7=10.4;
Mortar (3-day): M0=20.9, M1=22.1"
4,R4=42.5  [pct not in declared levels],"Mortar (1-day): M0=11.6, M1=12.0, M2=12.8, M3=13.8, M4=12.2, M5=11.7, M6=11.1, M7=10.4;
Mortar (3-day): M0=20.9, M1=22.1"
4,R6=27.4  [pct not in declared levels],"Mortar (1-day): M0=11.6, M1=12.0, M2=12.8, M3=13.8, M4=12.2, M5=11.7, M6=11.1, M7=10.4;
Mortar (3-day): M0=20.9, M1=22.1"
4,R7=25.7  [pct not in declared levels],"Mortar (1-day): M0=11.6, M1=12.0, M2=12.8, M3=13.8, M4=12.2, M5=11.7, M6=11.1, M7=10.4;
Mortar (3-day): M0=20.9, M1=22.1"
4,R0=38.3,"Mortar (1-day): M0=11.6, M1=12.0, M2=12.8, M3=13.8, M4=12.2, M5=11.7, M6=11.1, M7=10.4;
Mortar (3-day): M0=20.9, M1=22.1"
4,R1=43.3  [pct not in declared levels],"Mortar (1-day): M0=11.6, M1=12.0, M2=12.8, M3=13.8, M4=12.2, M5=11.7, M6=11.1, M7=10.4;
Mortar (3-day): M0=20.9, M1=22.1"
4,R2=44.8  [pct not in declared levels],"Mortar (1-day): M0=11.6, M1=12.0, M2=12.8, M3=13.8, M4=12.2, M5=11.7, M6=11.1, M7=10.4;
Mortar (3-day): M0=20.9, M1=22.1"
4,R3=45.7  [pct not in declared levels],"Mortar (1-day): M0=11.6, M1=12.0, M2=12.8, M3=13.8, M4=12.2, M5=11.7, M6=11.1, M7=10.4;
Mortar (3-day): M0=20.9, M1=22.1"
4,R4=46.0  [pct not in declared levels],"Mortar (1-day): M0=11.6, M1=12.0, M2=12.8, M3=13.8, M4=12.2, M5=11.7, M6=11.1, M7=10.4;
Mortar (3-day): M0=20.9, M1=22.1"
4,R6=38.7  [pct not in declared levels],"Mortar (1-day): M0=11.6, M1=12.0, M2=12.8, M3=13.8, M4=12.2, M5=11.7, M6=11.1, M7=10.4;
Mortar (3-day): M0=20.9, M1=22.1"
4,R7=37.2  [pct not in declared levels],"Mortar (1-day): M0=11.6, M1=12.0, M2=12.8, M3=13.8, M4=12.2, M5=11.7, M6=11.1, M7=10.4;
Mortar (3-day): M0=20.9, M1=22.1"
5,22.92,"22.92, 30.58, 29.58, 22.64, 22.64, 21.82, 9.86, 15.80, 16.35"
5,30.58,"22.92, 30.58, 29.58, 22.64, 22.64, 21.82, 9.86, 15.80, 16.35"
5,29.58,"22.92, 30.58, 29.58, 22.64, 22.64, 21.82, 9.86, 15.80, 16.35"
5,22.64,"22.92, 30.58, 29.58, 22.64, 22.64, 21.82, 9.86, 15.80, 16.35"
5,22.64,"22.92, 30.58, 29.58, 22.64, 22.64, 21.82, 9.86, 15.80, 16.35"
5,21.82,"22.92, 30.58, 29.58, 22.64, 22.64, 21.82, 9.86, 15.80, 16.35"
5,9.86,"22.92, 30.58, 29.58, 22.64, 22.64, 21.82, 9.86, 15.80, 16.35"
5,15.80,"22.92, 30.58, 29.58, 22.64, 22.64, 21.82, 9.86, 15.80, 16.35"
5,16.35,"22.92, 30.58, 29.58, 22.64, 22.64, 21.82, 9.86, 15.80, 16.35"
9,25.7 (M1,"25.7 (M1, 7d); 38.7 (M1, 28d); 43.5 (M1, 90d); 25.1 (M2, 7d); 46.1 (M2, 28d); 40.6 (M2, 90d); 23.7 (M3, 7d); 42.7 (M3, 2"
9,7d),"25.7 (M1, 7d); 38.7 (M1, 28d); 43.5 (M1, 90d); 25.1 (M2, 7d); 46.1 (M2, 28d); 40.6 (M2, 90d); 23.7 (M3, 7d); 42.7 (M3, 2"
9,38.7 (M1,"25.7 (M1, 7d); 38.7 (M1, 28d); 43.5 (M1, 90d); 25.1 (M2, 7d); 46.1 (M2, 28d); 40.6 (M2, 90d); 23.7 (M3, 7d); 42.7 (M3, 2"
9,28d),"25.7 (M1, 7d); 38.7 (M1, 28d); 43.5 (M1, 90d); 25.1 (M2, 7d); 46.1 (M2, 28d); 40.6 (M2, 90d); 23.7 (M3, 7d); 42.7 (M3, 2"
9,43.5 (M1,"25.7 (M1, 7d); 38.7 (M1, 28d); 43.5 (M1, 90d); 25.1 (M2, 7d); 46.1 (M2, 28d); 40.6 (M2, 90d); 23.7 (M3, 7d); 42.7 (M3, 2"
9,90d),"25.7 (M1, 7d); 38.7 (M1, 28d); 43.5 (M1, 90d); 25.1 (M2, 7d); 46.1 (M2, 28d); 40.6 (M2, 90d); 23.7 (M3, 7d); 42.7 (M3, 2"
9,25.1 (M2,"25.7 (M1, 7d); 38.7 (M1, 28d); 43.5 (M1, 90d); 25.1 (M2, 7d); 46.1 (M2, 28d); 40.6 (M2, 90d); 23.7 (M3, 7d); 42.7 (M3, 2"
9,7d),"25.7 (M1, 7d); 38.7 (M1, 28d); 43.5 (M1, 90d); 25.1 (M2, 7d); 46.1 (M2, 28d); 40.6 (M2, 90d); 23.7 (M3, 7d); 42.7 (M3, 2"
9,46.1 (M2,"25.7 (M1, 7d); 38.7 (M1, 28d); 43.5 (M1, 90d); 25.1 (M2, 7d); 46.1 (M2, 28d); 40.6 (M2, 90d); 23.7 (M3, 7d); 42.7 (M3, 2"
9,28d),"25.7 (M1, 7d); 38.7 (M1, 28d); 43.5 (M1, 90d); 25.1 (M2, 7d); 46.1 (M2, 28d); 40.6 (M2, 90d); 23.7 (M3, 7d); 42.7 (M3, 2"
9,40.6 (M2,"25.7 (M1, 7d); 38.7 (M1, 28d); 43.5 (M1, 90d); 25.1 (M2, 7d); 46.1 (M2, 28d); 40.6 (M2, 90d); 23.7 (M3, 7d); 42.7 (M3, 2"
9,90d),"25.7 (M1, 7d); 38.7 (M1, 28d); 43.5 (M1, 90d); 25.1 (M2, 7d); 46.1 (M2, 28d); 40.6 (M2, 90d); 23.7 (M3, 7d); 42.7 (M3, 2"
9,23.7 (M3,"25.7 (M1, 7d); 38.7 (M1, 28d); 43.5 (M1, 90d); 25.1 (M2, 7d); 46.1 (M2, 28d); 40.6 (M2, 90d); 23.7 (M3, 7d); 42.7 (M3, 2"
9,7d),"25.7 (M1, 7d); 38.7 (M1, 28d); 43.5 (M1, 90d); 25.1 (M2, 7d); 46.1 (M2, 28d); 40.6 (M2, 90d); 23.7 (M3, 7d); 42.7 (M3, 2"
9,42.7 (M3,"25.7 (M1, 7d); 38.7 (M1, 28d); 43.5 (M1, 90d); 25.1 (M2, 7d); 46.1 (M2, 28d); 40.6 (M2, 90d); 23.7 (M3, 7d); 42.7 (M3, 2"
9,28d),"25.7 (M1, 7d); 38.7 (M1, 28d); 43.5 (M1, 90d); 25.1 (M2, 7d); 46.1 (M2, 28d); 40.6 (M2, 90d); 23.7 (M3, 7d); 42.7 (M3, 2"
9,37.9 (M3,"25.7 (M1, 7d); 38.7 (M1, 28d); 43.5 (M1, 90d); 25.1 (M2, 7d); 46.1 (M2, 28d); 40.6 (M2, 90d); 23.7 (M3, 7d); 42.7 (M3, 2"
9,90d),"25.7 (M1, 7d); 38.7 (M1, 28d); 43.5 (M1, 90d); 25.1 (M2, 7d); 46.1 (M2, 28d); 40.6 (M2, 90d); 23.7 (M3, 7d); 42.7 (M3, 2"
9,21.5 (M4,"25.7 (M1, 7d); 38.7 (M1, 28d); 43.5 (M1, 90d); 25.1 (M2, 7d); 46.1 (M2, 28d); 40.6 (M2, 90d); 23.7 (M3, 7d); 42.7 (M3, 2"
9,7d),"25.7 (M1, 7d); 38.7 (M1, 28d); 43.5 (M1, 90d); 25.1 (M2, 7d); 46.1 (M2, 28d); 40.6 (M2, 90d); 23.7 (M3, 7d); 42.7 (M3, 2"
9,36.7 (M4,"25.7 (M1, 7d); 38.7 (M1, 28d); 43.5 (M1, 90d); 25.1 (M2, 7d); 46.1 (M2, 28d); 40.6 (M2, 90d); 23.7 (M3, 7d); 42.7 (M3, 2"
9,28d),"25.7 (M1, 7d); 38.7 (M1, 28d); 43.5 (M1, 90d); 25.1 (M2, 7d); 46.1 (M2, 28d); 40.6 (M2, 90d); 23.7 (M3, 7d); 42.7 (M3, 2"
9,41.3 (M4,"25.7 (M1, 7d); 38.7 (M1, 28d); 43.5 (M1, 90d); 25.1 (M2, 7d); 46.1 (M2, 28d); 40.6 (M2, 90d); 23.7 (M3, 7d); 42.7 (M3, 2"
9,90d),"25.7 (M1, 7d); 38.7 (M1, 28d); 43.5 (M1, 90d); 25.1 (M2, 7d); 46.1 (M2, 28d); 40.6 (M2, 90d); 23.7 (M3, 7d); 42.7 (M3, 2"
9,27.4 (U1,"25.7 (M1, 7d); 38.7 (M1, 28d); 43.5 (M1, 90d); 25.1 (M2, 7d); 46.1 (M2, 28d); 40.6 (M2, 90d); 23.7 (M3, 7d); 42.7 (M3, 2"
9,7d),"25.7 (M1, 7d); 38.7 (M1, 28d); 43.5 (M1, 90d); 25.1 (M2, 7d); 46.1 (M2, 28d); 40.6 (M2, 90d); 23.7 (M3, 7d); 42.7 (M3, 2"
9,39.9 (U1,"25.7 (M1, 7d); 38.7 (M1, 28d); 43.5 (M1, 90d); 25.1 (M2, 7d); 46.1 (M2, 28d); 40.6 (M2, 90d); 23.7 (M3, 7d); 42.7 (M3, 2"
9,28d),"25.7 (M1, 7d); 38.7 (M1, 28d); 43.5 (M1, 90d); 25.1 (M2, 7d); 46.1 (M2, 28d); 40.6 (M2, 90d); 23.7 (M3, 7d); 42.7 (M3, 2"
9,45.8 (U1,"25.7 (M1, 7d); 38.7 (M1, 28d); 43.5 (M1, 90d); 25.1 (M2, 7d); 46.1 (M2, 28d); 40.6 (M2, 90d); 23.7 (M3, 7d); 42.7 (M3, 2"
9,90d),"25.7 (M1, 7d); 38.7 (M1, 28d); 43.5 (M1, 90d); 25.1 (M2, 7d); 46.1 (M2, 28d); 40.6 (M2, 90d); 23.7 (M3, 7d); 42.7 (M3, 2"
9,28.3 (U2,"25.7 (M1, 7d); 38.7 (M1, 28d); 43.5 (M1, 90d); 25.1 (M2, 7d); 46.1 (M2, 28d); 40.6 (M2, 90d); 23.7 (M3, 7d); 42.7 (M3, 2"
9,7d),"25.7 (M1, 7d); 38.7 (M1, 28d); 43.5 (M1, 90d); 25.1 (M2, 7d); 46.1 (M2, 28d); 40.6 (M2, 90d); 23.7 (M3, 7d); 42.7 (M3, 2"
9,43.8 (U2,"25.7 (M1, 7d); 38.7 (M1, 28d); 43.5 (M1, 90d); 25.1 (M2, 7d); 46.1 (M2, 28d); 40.6 (M2, 90d); 23.7 (M3, 7d); 42.7 (M3, 2"
9,28d),"25.7 (M1, 7d); 38.7 (M1, 28d); 43.5 (M1, 90d); 25.1 (M2, 7d); 46.1 (M2, 28d); 40.6 (M2, 90d); 23.7 (M3, 7d); 42.7 (M3, 2"
9,51.2 (U2,"25.7 (M1, 7d); 38.7 (M1, 28d); 43.5 (M1, 90d); 25.1 (M2, 7d); 46.1 (M2, 28d); 40.6 (M2, 90d); 23.7 (M3, 7d); 42.7 (M3, 2"
9,90d),"25.7 (M1, 7d); 38.7 (M1, 28d); 43.5 (M1, 90d); 25.1 (M2, 7d); 46.1 (M2, 28d); 40.6 (M2, 90d); 23.7 (M3, 7d); 42.7 (M3, 2"
9,25.9 (U3,"25.7 (M1, 7d); 38.7 (M1, 28d); 43.5 (M1, 90d); 25.1 (M2, 7d); 46.1 (M2, 28d); 40.6 (M2, 90d); 23.7 (M3, 7d); 42.7 (M3, 2"
9,7d),"25.7 (M1, 7d); 38.7 (M1, 28d); 43.5 (M1, 90d); 25.1 (M2, 7d); 46.1 (M2, 28d); 40.6 (M2, 90d); 23.7 (M3, 7d); 42.7 (M3, 2"
9,39.1 (U3,"25.7 (M1, 7d); 38.7 (M1, 28d); 43.5 (M1, 90d); 25.1 (M2, 7d); 46.1 (M2, 28d); 40.6 (M2, 90d); 23.7 (M3, 7d); 42.7 (M3, 2"
9,28d),"25.7 (M1, 7d); 38.7 (M1, 28d); 43.5 (M1, 90d); 25.1 (M2, 7d); 46.1 (M2, 28d); 40.6 (M2, 90d); 23.7 (M3, 7d); 42.7 (M3, 2"
9,44.4 (U3,"25.7 (M1, 7d); 38.7 (M1, 28d); 43.5 (M1, 90d); 25.1 (M2, 7d); 46.1 (M2, 28d); 40.6 (M2, 90d); 23.7 (M3, 7d); 42.7 (M3, 2"
9,90d),"25.7 (M1, 7d); 38.7 (M1, 28d); 43.5 (M1, 90d); 25.1 (M2, 7d); 46.1 (M2, 28d); 40.6 (M2, 90d); 23.7 (M3, 7d); 42.7 (M3, 2"
9,24.6 (U4,"25.7 (M1, 7d); 38.7 (M1, 28d); 43.5 (M1, 90d); 25.1 (M2, 7d); 46.1 (M2, 28d); 40.6 (M2, 90d); 23.7 (M3, 7d); 42.7 (M3, 2"
9,7d),"25.7 (M1, 7d); 38.7 (M1, 28d); 43.5 (M1, 90d); 25.1 (M2, 7d); 46.1 (M2, 28d); 40.6 (M2, 90d); 23.7 (M3, 7d); 42.7 (M3, 2"
9,38.3 (U4,"25.7 (M1, 7d); 38.7 (M1, 28d); 43.5 (M1, 90d); 25.1 (M2, 7d); 46.1 (M2, 28d); 40.6 (M2, 90d); 23.7 (M3, 7d); 42.7 (M3, 2"
9,28d),"25.7 (M1, 7d); 38.7 (M1, 28d); 43.5 (M1, 90d); 25.1 (M2, 7d); 46.1 (M2, 28d); 40.6 (M2, 90d); 23.7 (M3, 7d); 42.7 (M3, 2"
9,42.8 (U4,"25.7 (M1, 7d); 38.7 (M1, 28d); 43.5 (M1, 90d); 25.1 (M2, 7d); 46.1 (M2, 28d); 40.6 (M2, 90d); 23.7 (M3, 7d); 42.7 (M3, 2"
9,90d),"25.7 (M1, 7d); 38.7 (M1, 28d); 43.5 (M1, 90d); 25.1 (M2, 7d); 46.1 (M2, 28d); 40.6 (M2, 90d); 23.7 (M3, 7d); 42.7 (M3, 2"
11,17.2 to 20.3,"1-Day: 17.2 to 20.3; 3-Day: 24.5 to 29.6; 7-Day: 29.8 to 36.7; 28-Day: 40.2 to 51.8 (Control Mix: 1-Day: 19.1, 3-Day: 26"
11,24.5 to 29.6,"1-Day: 17.2 to 20.3; 3-Day: 24.5 to 29.6; 7-Day: 29.8 to 36.7; 28-Day: 40.2 to 51.8 (Control Mix: 1-Day: 19.1, 3-Day: 26"
11,29.8 to 36.7,"1-Day: 17.2 to 20.3; 3-Day: 24.5 to 29.6; 7-Day: 29.8 to 36.7; 28-Day: 40.2 to 51.8 (Control Mix: 1-Day: 19.1, 3-Day: 26"
11,3-Day: 26.7,"1-Day: 17.2 to 20.3; 3-Day: 24.5 to 29.6; 7-Day: 29.8 to 36.7; 28-Day: 40.2 to 51.8 (Control Mix: 1-Day: 19.1, 3-Day: 26"
11,7-Day: 30.2,"1-Day: 17.2 to 20.3; 3-Day: 24.5 to 29.6; 7-Day: 29.8 to 36.7; 28-Day: 40.2 to 51.8 (Control Mix: 1-Day: 19.1, 3-Day: 26"
11,28-Day: 39.6),"1-Day: 17.2 to 20.3; 3-Day: 24.5 to 29.6; 7-Day: 29.8 to 36.7; 28-Day: 40.2 to 51.8 (Control Mix: 1-Day: 19.1, 3-Day: 26"
13,19.8433.88,"7-day range: 19.8433.88; 28-day range: 28.7742.64
7-day: OPC: 30.5; RHA0: 20.5; RHA1: 22.5; RHA2: 23.2; RHA3: 33.88; R"
13,28.7742.64,"7-day range: 19.8433.88; 28-day range: 28.7742.64
7-day: OPC: 30.5; RHA0: 20.5; RHA1: 22.5; RHA2: 23.2; RHA3: 33.88; R"
13,22.5  [pct not in declared levels],"7-day range: 19.8433.88; 28-day range: 28.7742.64
7-day: OPC: 30.5; RHA0: 20.5; RHA1: 22.5; RHA2: 23.2; RHA3: 33.88; R"
13,23.2  [pct not in declared levels],"7-day range: 19.8433.88; 28-day range: 28.7742.64
7-day: OPC: 30.5; RHA0: 20.5; RHA1: 22.5; RHA2: 23.2; RHA3: 33.88; R"
13,33.88  [pct not in declared levels],"7-day range: 19.8433.88; 28-day range: 28.7742.64
7-day: OPC: 30.5; RHA0: 20.5; RHA1: 22.5; RHA2: 23.2; RHA3: 33.88; R"
13,27.0  [pct not in declared levels],"7-day range: 19.8433.88; 28-day range: 28.7742.64
7-day: OPC: 30.5; RHA0: 20.5; RHA1: 22.5; RHA2: 23.2; RHA3: 33.88; R"
13,26.4  [pct not in declared levels],"7-day range: 19.8433.88; 28-day range: 28.7742.64
7-day: OPC: 30.5; RHA0: 20.5; RHA1: 22.5; RHA2: 23.2; RHA3: 33.88; R"
13,26.0  [pct not in declared levels],"7-day range: 19.8433.88; 28-day range: 28.7742.64
7-day: OPC: 30.5; RHA0: 20.5; RHA1: 22.5; RHA2: 23.2; RHA3: 33.88; R"
13,21.8 (graph-derived values)  [pct not in declared levels],"7-day range: 19.8433.88; 28-day range: 28.7742.64
7-day: OPC: 30.5; RHA0: 20.5; RHA1: 22.5; RHA2: 23.2; RHA3: 33.88; R"
13,32.0  [pct not in declared levels],"7-day range: 19.8433.88; 28-day range: 28.7742.64
7-day: OPC: 30.5; RHA0: 20.5; RHA1: 22.5; RHA2: 23.2; RHA3: 33.88; R"
13,33.8  [pct not in declared levels],"7-day range: 19.8433.88; 28-day range: 28.7742.64
7-day: OPC: 30.5; RHA0: 20.5; RHA1: 22.5; RHA2: 23.2; RHA3: 33.88; R"
13,42.64  [pct not in declared levels],"7-day range: 19.8433.88; 28-day range: 28.7742.64
7-day: OPC: 30.5; RHA0: 20.5; RHA1: 22.5; RHA2: 23.2; RHA3: 33.88; R"
13,37.2  [pct not in declared levels],"7-day range: 19.8433.88; 28-day range: 28.7742.64
7-day: OPC: 30.5; RHA0: 20.5; RHA1: 22.5; RHA2: 23.2; RHA3: 33.88; R"
13,35.1  [pct not in declared levels],"7-day range: 19.8433.88; 28-day range: 28.7742.64
7-day: OPC: 30.5; RHA0: 20.5; RHA1: 22.5; RHA2: 23.2; RHA3: 33.88; R"
13,35.5  [pct not in declared levels],"7-day range: 19.8433.88; 28-day range: 28.7742.64
7-day: OPC: 30.5; RHA0: 20.5; RHA1: 22.5; RHA2: 23.2; RHA3: 33.88; R"
13,31.8 (graph-derived values)  [pct not in declared levels],"7-day range: 19.8433.88; 28-day range: 28.7742.64
7-day: OPC: 30.5; RHA0: 20.5; RHA1: 22.5; RHA2: 23.2; RHA3: 33.88; R"
19,GRAPH-DERIVED,"Preliminary Series (w/b 0.45, 0.55, 0.65 at 7, 28, 90, 365 d):
GRAPH-DERIVED

Main Program (28-day, 100 L batches, w/b 0"
21,14-d,"Concrete without SP (3-d, 7-d, 14-d, 28-d):
0% RHA: 13.40, 16.08, 21.34 MPa (7-d, 14-d, 28-d);
25% RHA: 5.97, 8.31, 10.8"
21,28-d),"Concrete without SP (3-d, 7-d, 14-d, 28-d):
0% RHA: 13.40, 16.08, 21.34 MPa (7-d, 14-d, 28-d);
25% RHA: 5.97, 8.31, 10.8"
23,7.42 (7d,"7.42 (7d, w/c=0.45); 20.11 (14d, w/c=0.45); 23 (21d, w/c=0.45); 24.5 (28d, w/c=0.45); 7.26 (7d, w/c=0.5); 19.778 (14d, w"
23,w/c=0.45),"7.42 (7d, w/c=0.45); 20.11 (14d, w/c=0.45); 23 (21d, w/c=0.45); 24.5 (28d, w/c=0.45); 7.26 (7d, w/c=0.5); 19.778 (14d, w"
23,20.11 (14d,"7.42 (7d, w/c=0.45); 20.11 (14d, w/c=0.45); 23 (21d, w/c=0.45); 24.5 (28d, w/c=0.45); 7.26 (7d, w/c=0.5); 19.778 (14d, w"
23,w/c=0.45),"7.42 (7d, w/c=0.45); 20.11 (14d, w/c=0.45); 23 (21d, w/c=0.45); 24.5 (28d, w/c=0.45); 7.26 (7d, w/c=0.5); 19.778 (14d, w"
23,23 (21d,"7.42 (7d, w/c=0.45); 20.11 (14d, w/c=0.45); 23 (21d, w/c=0.45); 24.5 (28d, w/c=0.45); 7.26 (7d, w/c=0.5); 19.778 (14d, w"
23,w/c=0.45),"7.42 (7d, w/c=0.45); 20.11 (14d, w/c=0.45); 23 (21d, w/c=0.45); 24.5 (28d, w/c=0.45); 7.26 (7d, w/c=0.5); 19.778 (14d, w"
23,24.5 (28d,"7.42 (7d, w/c=0.45); 20.11 (14d, w/c=0.45); 23 (21d, w/c=0.45); 24.5 (28d, w/c=0.45); 7.26 (7d, w/c=0.5); 19.778 (14d, w"
23,w/c=0.45),"7.42 (7d, w/c=0.45); 20.11 (14d, w/c=0.45); 23 (21d, w/c=0.45); 24.5 (28d, w/c=0.45); 7.26 (7d, w/c=0.5); 19.778 (14d, w"
23,7.26 (7d,"7.42 (7d, w/c=0.45); 20.11 (14d, w/c=0.45); 23 (21d, w/c=0.45); 24.5 (28d, w/c=0.45); 7.26 (7d, w/c=0.5); 19.778 (14d, w"
23,w/c=0.5),"7.42 (7d, w/c=0.45); 20.11 (14d, w/c=0.45); 23 (21d, w/c=0.45); 24.5 (28d, w/c=0.45); 7.26 (7d, w/c=0.5); 19.778 (14d, w"
23,19.778 (14d,"7.42 (7d, w/c=0.45); 20.11 (14d, w/c=0.45); 23 (21d, w/c=0.45); 24.5 (28d, w/c=0.45); 7.26 (7d, w/c=0.5); 19.778 (14d, w"
23,w/c=0.5),"7.42 (7d, w/c=0.45); 20.11 (14d, w/c=0.45); 23 (21d, w/c=0.45); 24.5 (28d, w/c=0.45); 7.26 (7d, w/c=0.5); 19.778 (14d, w"
23,22.5 (21d,"7.42 (7d, w/c=0.45); 20.11 (14d, w/c=0.45); 23 (21d, w/c=0.45); 24.5 (28d, w/c=0.45); 7.26 (7d, w/c=0.5); 19.778 (14d, w"
23,w/c=0.5),"7.42 (7d, w/c=0.45); 20.11 (14d, w/c=0.45); 23 (21d, w/c=0.45); 24.5 (28d, w/c=0.45); 7.26 (7d, w/c=0.5); 19.778 (14d, w"
23,23.8 (28d,"7.42 (7d, w/c=0.45); 20.11 (14d, w/c=0.45); 23 (21d, w/c=0.45); 24.5 (28d, w/c=0.45); 7.26 (7d, w/c=0.5); 19.778 (14d, w"
23,w/c=0.5),"7.42 (7d, w/c=0.45); 20.11 (14d, w/c=0.45); 23 (21d, w/c=0.45); 24.5 (28d, w/c=0.45); 7.26 (7d, w/c=0.5); 19.778 (14d, w"
23,7.18 (7d,"7.42 (7d, w/c=0.45); 20.11 (14d, w/c=0.45); 23 (21d, w/c=0.45); 24.5 (28d, w/c=0.45); 7.26 (7d, w/c=0.5); 19.778 (14d, w"
23,w/c=0.6),"7.42 (7d, w/c=0.45); 20.11 (14d, w/c=0.45); 23 (21d, w/c=0.45); 24.5 (28d, w/c=0.45); 7.26 (7d, w/c=0.5); 19.778 (14d, w"
23,10 (14d,"7.42 (7d, w/c=0.45); 20.11 (14d, w/c=0.45); 23 (21d, w/c=0.45); 24.5 (28d, w/c=0.45); 7.26 (7d, w/c=0.5); 19.778 (14d, w"
23,w/c=0.6),"7.42 (7d, w/c=0.45); 20.11 (14d, w/c=0.45); 23 (21d, w/c=0.45); 24.5 (28d, w/c=0.45); 7.26 (7d, w/c=0.5); 19.778 (14d, w"
23,14.05 (21d,"7.42 (7d, w/c=0.45); 20.11 (14d, w/c=0.45); 23 (21d, w/c=0.45); 24.5 (28d, w/c=0.45); 7.26 (7d, w/c=0.5); 19.778 (14d, w"
23,w/c=0.6),"7.42 (7d, w/c=0.45); 20.11 (14d, w/c=0.45); 23 (21d, w/c=0.45); 24.5 (28d, w/c=0.45); 7.26 (7d, w/c=0.5); 19.778 (14d, w"
23,18.65 (28d,"7.42 (7d, w/c=0.45); 20.11 (14d, w/c=0.45); 23 (21d, w/c=0.45); 24.5 (28d, w/c=0.45); 7.26 (7d, w/c=0.5); 19.778 (14d, w"
23,w/c=0.6),"7.42 (7d, w/c=0.45); 20.11 (14d, w/c=0.45); 23 (21d, w/c=0.45); 24.5 (28d, w/c=0.45); 7.26 (7d, w/c=0.5); 19.778 (14d, w"
26,31.4 to 61.7,"3-day: 31.4 to 61.7
7-day: 39.6 to 72.0
28-day: 45.5 to 87.0
60-day: 51.8 to 92.0"
26,39.6 to 72.0,"3-day: 31.4 to 61.7
7-day: 39.6 to 72.0
28-day: 45.5 to 87.0
60-day: 51.8 to 92.0"
26,45.5 to 87.0,"3-day: 31.4 to 61.7
7-day: 39.6 to 72.0
28-day: 45.5 to 87.0
60-day: 51.8 to 92.0"
26,51.8 to 92.0,"3-day: 31.4 to 61.7
7-day: 39.6 to 72.0
28-day: 45.5 to 87.0
60-day: 51.8 to 92.0"
29,M0 = 27.2,"7 days: M0 = 27.2, M1 = 27.8, M2 = 28.3, M3 = 27.4;
28 days: M0 = 37, M1 = 42.8, M2 = 39.8, M3 = 37"
29,M1 = 27.8,"7 days: M0 = 27.2, M1 = 27.8, M2 = 28.3, M3 = 27.4;
28 days: M0 = 37, M1 = 42.8, M2 = 39.8, M3 = 37"
29,M2 = 28.3,"7 days: M0 = 27.2, M1 = 27.8, M2 = 28.3, M3 = 27.4;
28 days: M0 = 37, M1 = 42.8, M2 = 39.8, M3 = 37"
29,M3 = 27.4,"7 days: M0 = 27.2, M1 = 27.8, M2 = 28.3, M3 = 27.4;
28 days: M0 = 37, M1 = 42.8, M2 = 39.8, M3 = 37"
29,M0 = 37,"7 days: M0 = 27.2, M1 = 27.8, M2 = 28.3, M3 = 27.4;
28 days: M0 = 37, M1 = 42.8, M2 = 39.8, M3 = 37"
29,M1 = 42.8,"7 days: M0 = 27.2, M1 = 27.8, M2 = 28.3, M3 = 27.4;
28 days: M0 = 37, M1 = 42.8, M2 = 39.8, M3 = 37"
29,M2 = 39.8,"7 days: M0 = 27.2, M1 = 27.8, M2 = 28.3, M3 = 27.4;
28 days: M0 = 37, M1 = 42.8, M2 = 39.8, M3 = 37"
29,M3 = 37,"7 days: M0 = 27.2, M1 = 27.8, M2 = 28.3, M3 = 27.4;
28 days: M0 = 37, M1 = 42.8, M2 = 39.8, M3 = 37"
31,15.2-31.3 (7 days),"15.2-31.3 (7 days), 18.1-37.5 (28 days), 17-26 (7 days)"
31,18.1-37.5 (28 days),"15.2-31.3 (7 days), 18.1-37.5 (28 days), 17-26 (7 days)"
31,17-26 (7 days),"15.2-31.3 (7 days), 18.1-37.5 (28 days), 17-26 (7 days)"
34,28.5,"Mix 1: 28.5, Mix 2: 28.1, Mix 3: 27.5, Mix 4: 26.2, Mix 5: 26.5, Mix 6: 25.8, Mix 7: 23.5, Mix 8: 24.1, Mix 9: 23.2, Mix"
34,Mix 2: 28.1,"Mix 1: 28.5, Mix 2: 28.1, Mix 3: 27.5, Mix 4: 26.2, Mix 5: 26.5, Mix 6: 25.8, Mix 7: 23.5, Mix 8: 24.1, Mix 9: 23.2, Mix"
34,Mix 3: 27.5,"Mix 1: 28.5, Mix 2: 28.1, Mix 3: 27.5, Mix 4: 26.2, Mix 5: 26.5, Mix 6: 25.8, Mix 7: 23.5, Mix 8: 24.1, Mix 9: 23.2, Mix"
34,Mix 4: 26.2,"Mix 1: 28.5, Mix 2: 28.1, Mix 3: 27.5, Mix 4: 26.2, Mix 5: 26.5, Mix 6: 25.8, Mix 7: 23.5, Mix 8: 24.1, Mix 9: 23.2, Mix"
34,Mix 5: 26.5,"Mix 1: 28.5, Mix 2: 28.1, Mix 3: 27.5, Mix 4: 26.2, Mix 5: 26.5, Mix 6: 25.8, Mix 7: 23.5, Mix 8: 24.1, Mix 9: 23.2, Mix"
34,Mix 6: 25.8,"Mix 1: 28.5, Mix 2: 28.1, Mix 3: 27.5, Mix 4: 26.2, Mix 5: 26.5, Mix 6: 25.8, Mix 7: 23.5, Mix 8: 24.1, Mix 9: 23.2, Mix"
34,Mix 7: 23.5,"Mix 1: 28.5, Mix 2: 28.1, Mix 3: 27.5, Mix 4: 26.2, Mix 5: 26.5, Mix 6: 25.8, Mix 7: 23.5, Mix 8: 24.1, Mix 9: 23.2, Mix"
34,Mix 8: 24.1,"Mix 1: 28.5, Mix 2: 28.1, Mix 3: 27.5, Mix 4: 26.2, Mix 5: 26.5, Mix 6: 25.8, Mix 7: 23.5, Mix 8: 24.1, Mix 9: 23.2, Mix"
34,Mix 9: 23.2,"Mix 1: 28.5, Mix 2: 28.1, Mix 3: 27.5, Mix 4: 26.2, Mix 5: 26.5, Mix 6: 25.8, Mix 7: 23.5, Mix 8: 24.1, Mix 9: 23.2, Mix"
34,Mix 10: 21.0,"Mix 1: 28.5, Mix 2: 28.1, Mix 3: 27.5, Mix 4: 26.2, Mix 5: 26.5, Mix 6: 25.8, Mix 7: 23.5, Mix 8: 24.1, Mix 9: 23.2, Mix"
34,Mix 11: 20.8,"Mix 1: 28.5, Mix 2: 28.1, Mix 3: 27.5, Mix 4: 26.2, Mix 5: 26.5, Mix 6: 25.8, Mix 7: 23.5, Mix 8: 24.1, Mix 9: 23.2, Mix"
34,Mix 12: 20.2,"Mix 1: 28.5, Mix 2: 28.1, Mix 3: 27.5, Mix 4: 26.2, Mix 5: 26.5, Mix 6: 25.8, Mix 7: 23.5, Mix 8: 24.1, Mix 9: 23.2, Mix"
34,Mix 13: 26.8,"Mix 1: 28.5, Mix 2: 28.1, Mix 3: 27.5, Mix 4: 26.2, Mix 5: 26.5, Mix 6: 25.8, Mix 7: 23.5, Mix 8: 24.1, Mix 9: 23.2, Mix"
34,Mix 14: 26.5,"Mix 1: 28.5, Mix 2: 28.1, Mix 3: 27.5, Mix 4: 26.2, Mix 5: 26.5, Mix 6: 25.8, Mix 7: 23.5, Mix 8: 24.1, Mix 9: 23.2, Mix"
34,Mix 15: 26.3,"Mix 1: 28.5, Mix 2: 28.1, Mix 3: 27.5, Mix 4: 26.2, Mix 5: 26.5, Mix 6: 25.8, Mix 7: 23.5, Mix 8: 24.1, Mix 9: 23.2, Mix"
34,Mix 16: 28.1,"Mix 1: 28.5, Mix 2: 28.1, Mix 3: 27.5, Mix 4: 26.2, Mix 5: 26.5, Mix 6: 25.8, Mix 7: 23.5, Mix 8: 24.1, Mix 9: 23.2, Mix"
34,Mix 17: 28.5,"Mix 1: 28.5, Mix 2: 28.1, Mix 3: 27.5, Mix 4: 26.2, Mix 5: 26.5, Mix 6: 25.8, Mix 7: 23.5, Mix 8: 24.1, Mix 9: 23.2, Mix"
34,Mix 18: 27.9,"Mix 1: 28.5, Mix 2: 28.1, Mix 3: 27.5, Mix 4: 26.2, Mix 5: 26.5, Mix 6: 25.8, Mix 7: 23.5, Mix 8: 24.1, Mix 9: 23.2, Mix"
34,Mix 19: 20.5,"Mix 1: 28.5, Mix 2: 28.1, Mix 3: 27.5, Mix 4: 26.2, Mix 5: 26.5, Mix 6: 25.8, Mix 7: 23.5, Mix 8: 24.1, Mix 9: 23.2, Mix"
34,Mix 20: 20.2,"Mix 1: 28.5, Mix 2: 28.1, Mix 3: 27.5, Mix 4: 26.2, Mix 5: 26.5, Mix 6: 25.8, Mix 7: 23.5, Mix 8: 24.1, Mix 9: 23.2, Mix"
34,Mix 21: 19.8,"Mix 1: 28.5, Mix 2: 28.1, Mix 3: 27.5, Mix 4: 26.2, Mix 5: 26.5, Mix 6: 25.8, Mix 7: 23.5, Mix 8: 24.1, Mix 9: 23.2, Mix"
34,Mix 22: 25.2,"Mix 1: 28.5, Mix 2: 28.1, Mix 3: 27.5, Mix 4: 26.2, Mix 5: 26.5, Mix 6: 25.8, Mix 7: 23.5, Mix 8: 24.1, Mix 9: 23.2, Mix"
34,Mix 23: 25.5,"Mix 1: 28.5, Mix 2: 28.1, Mix 3: 27.5, Mix 4: 26.2, Mix 5: 26.5, Mix 6: 25.8, Mix 7: 23.5, Mix 8: 24.1, Mix 9: 23.2, Mix"
34,Mix 24: 24.8,"Mix 1: 28.5, Mix 2: 28.1, Mix 3: 27.5, Mix 4: 26.2, Mix 5: 26.5, Mix 6: 25.8, Mix 7: 23.5, Mix 8: 24.1, Mix 9: 23.2, Mix"
34,Mix 25: 29.8,"Mix 1: 28.5, Mix 2: 28.1, Mix 3: 27.5, Mix 4: 26.2, Mix 5: 26.5, Mix 6: 25.8, Mix 7: 23.5, Mix 8: 24.1, Mix 9: 23.2, Mix"
34,Mix 26: 29.4,"Mix 1: 28.5, Mix 2: 28.1, Mix 3: 27.5, Mix 4: 26.2, Mix 5: 26.5, Mix 6: 25.8, Mix 7: 23.5, Mix 8: 24.1, Mix 9: 23.2, Mix"
34,Mix 27: 29.2,"Mix 1: 28.5, Mix 2: 28.1, Mix 3: 27.5, Mix 4: 26.2, Mix 5: 26.5, Mix 6: 25.8, Mix 7: 23.5, Mix 8: 24.1, Mix 9: 23.2, Mix"
40,OPC ~7598 MPa,"Values up to >100 MPa (GRAPH-DERIVED from Fig. 6: OPC ~7598 MPa, RHA10 ~80110 MPa, RHA15 ~82108 MPa, RHA20 ~80105 MP"
40,RHA10 ~80110 MPa,"Values up to >100 MPa (GRAPH-DERIVED from Fig. 6: OPC ~7598 MPa, RHA10 ~80110 MPa, RHA15 ~82108 MPa, RHA20 ~80105 MP"
40,RHA15 ~82108 MPa,"Values up to >100 MPa (GRAPH-DERIVED from Fig. 6: OPC ~7598 MPa, RHA10 ~80110 MPa, RHA15 ~82108 MPa, RHA20 ~80105 MP"
41,4.95  11.46 (Optimum: 11.32),"2-day: 4.95  11.46 (Optimum: 11.32)
7-day: 10.16  17.45 (Optimum: 16.36)
28-day: 15.89  26.82 (Optimum: 43.57)
56-day"
41,10.16  17.45 (Optimum: 16.36),"2-day: 4.95  11.46 (Optimum: 11.32)
7-day: 10.16  17.45 (Optimum: 16.36)
28-day: 15.89  26.82 (Optimum: 43.57)
56-day"
41,15.89  26.82 (Optimum: 43.57),"2-day: 4.95  11.46 (Optimum: 11.32)
7-day: 10.16  17.45 (Optimum: 16.36)
28-day: 15.89  26.82 (Optimum: 43.57)
56-day"
41,17.97  33.27 (Optimum: 39.91),"2-day: 4.95  11.46 (Optimum: 11.32)
7-day: 10.16  17.45 (Optimum: 16.36)
28-day: 15.89  26.82 (Optimum: 43.57)
56-day"
41,22.65  37.50 (Optimum: 50.11),"2-day: 4.95  11.46 (Optimum: 11.32)
7-day: 10.16  17.45 (Optimum: 16.36)
28-day: 15.89  26.82 (Optimum: 43.57)
56-day"
43,36.1 (Control),36.1 (Control); 20.1 (10% 600-RHA); 16.2 (20% 600-RHA); 22.8 (10% 150-RHA); 16.8 (20% 150-RHA); 37.7 (10% 44-RHA); 36.6 
43,20.1 (10% 600-RHA),36.1 (Control); 20.1 (10% 600-RHA); 16.2 (20% 600-RHA); 22.8 (10% 150-RHA); 16.8 (20% 150-RHA); 37.7 (10% 44-RHA); 36.6 
43,16.2 (20% 600-RHA),36.1 (Control); 20.1 (10% 600-RHA); 16.2 (20% 600-RHA); 22.8 (10% 150-RHA); 16.8 (20% 150-RHA); 37.7 (10% 44-RHA); 36.6 
43,22.8 (10% 150-RHA),36.1 (Control); 20.1 (10% 600-RHA); 16.2 (20% 600-RHA); 22.8 (10% 150-RHA); 16.8 (20% 150-RHA); 37.7 (10% 44-RHA); 36.6 
43,16.8 (20% 150-RHA),36.1 (Control); 20.1 (10% 600-RHA); 16.2 (20% 600-RHA); 22.8 (10% 150-RHA); 16.8 (20% 150-RHA); 37.7 (10% 44-RHA); 36.6 
43,37.7 (10% 44-RHA),36.1 (Control); 20.1 (10% 600-RHA); 16.2 (20% 600-RHA); 22.8 (10% 150-RHA); 16.8 (20% 150-RHA); 37.7 (10% 44-RHA); 36.6 
43,36.6 (20% 44-RHA),36.1 (Control); 20.1 (10% 600-RHA); 16.2 (20% 600-RHA); 22.8 (10% 150-RHA); 16.8 (20% 150-RHA); 37.7 (10% 44-RHA); 36.6 
44,20.1 (10% RHA-1),20.1 (10% RHA-1); 16.2 (20% RHA-1); 22.8 (10% RHA-2); 16.8 (20% RHA-2); 37.7 (10% RHA-3); 36.6 (20% RHA-3); 36.1 (Contro
44,16.2 (20% RHA-1),20.1 (10% RHA-1); 16.2 (20% RHA-1); 22.8 (10% RHA-2); 16.8 (20% RHA-2); 37.7 (10% RHA-3); 36.6 (20% RHA-3); 36.1 (Contro
44,22.8 (10% RHA-2),20.1 (10% RHA-1); 16.2 (20% RHA-1); 22.8 (10% RHA-2); 16.8 (20% RHA-2); 37.7 (10% RHA-3); 36.6 (20% RHA-3); 36.1 (Contro
44,16.8 (20% RHA-2),20.1 (10% RHA-1); 16.2 (20% RHA-1); 22.8 (10% RHA-2); 16.8 (20% RHA-2); 37.7 (10% RHA-3); 36.6 (20% RHA-3); 36.1 (Contro
44,37.7 (10% RHA-3),20.1 (10% RHA-1); 16.2 (20% RHA-1); 22.8 (10% RHA-2); 16.8 (20% RHA-2); 37.7 (10% RHA-3); 36.6 (20% RHA-3); 36.1 (Contro
44,36.6 (20% RHA-3),20.1 (10% RHA-1); 16.2 (20% RHA-1); 22.8 (10% RHA-2); 16.8 (20% RHA-2); 37.7 (10% RHA-3); 36.6 (20% RHA-3); 36.1 (Contro
44,36.1 (Control),20.1 (10% RHA-1); 16.2 (20% RHA-1); 22.8 (10% RHA-2); 16.8 (20% RHA-2); 37.7 (10% RHA-3); 36.6 (20% RHA-3); 36.1 (Contro
45,24.54 (7d),"Cubical (w/c 0.45): 24.54 (7d), 27.35 (14d), 33.25 (28d), 41.68 (56d); Cubical (w/c 0.50): 21 (7d), 25.5 (14d), 30.2 (28"
45,27.35 (14d),"Cubical (w/c 0.45): 24.54 (7d), 27.35 (14d), 33.25 (28d), 41.68 (56d); Cubical (w/c 0.50): 21 (7d), 25.5 (14d), 30.2 (28"
45,33.25 (28d),"Cubical (w/c 0.45): 24.54 (7d), 27.35 (14d), 33.25 (28d), 41.68 (56d); Cubical (w/c 0.50): 21 (7d), 25.5 (14d), 30.2 (28"
45,41.68 (56d),"Cubical (w/c 0.45): 24.54 (7d), 27.35 (14d), 33.25 (28d), 41.68 (56d); Cubical (w/c 0.50): 21 (7d), 25.5 (14d), 30.2 (28"
45,21 (7d),"Cubical (w/c 0.45): 24.54 (7d), 27.35 (14d), 33.25 (28d), 41.68 (56d); Cubical (w/c 0.50): 21 (7d), 25.5 (14d), 30.2 (28"
45,25.5 (14d),"Cubical (w/c 0.45): 24.54 (7d), 27.35 (14d), 33.25 (28d), 41.68 (56d); Cubical (w/c 0.50): 21 (7d), 25.5 (14d), 30.2 (28"
45,30.2 (28d),"Cubical (w/c 0.45): 24.54 (7d), 27.35 (14d), 33.25 (28d), 41.68 (56d); Cubical (w/c 0.50): 21 (7d), 25.5 (14d), 30.2 (28"
45,35.86 (56d),"Cubical (w/c 0.45): 24.54 (7d), 27.35 (14d), 33.25 (28d), 41.68 (56d); Cubical (w/c 0.50): 21 (7d), 25.5 (14d), 30.2 (28"
45,20.4 (7d),"Cubical (w/c 0.45): 24.54 (7d), 27.35 (14d), 33.25 (28d), 41.68 (56d); Cubical (w/c 0.50): 21 (7d), 25.5 (14d), 30.2 (28"
45,23.86 (14d),"Cubical (w/c 0.45): 24.54 (7d), 27.35 (14d), 33.25 (28d), 41.68 (56d); Cubical (w/c 0.50): 21 (7d), 25.5 (14d), 30.2 (28"
45,29.10 (28d),"Cubical (w/c 0.45): 24.54 (7d), 27.35 (14d), 33.25 (28d), 41.68 (56d); Cubical (w/c 0.50): 21 (7d), 25.5 (14d), 30.2 (28"
45,33.5 (56d),"Cubical (w/c 0.45): 24.54 (7d), 27.35 (14d), 33.25 (28d), 41.68 (56d); Cubical (w/c 0.50): 21 (7d), 25.5 (14d), 30.2 (28"
45,16.89 (7d),"Cubical (w/c 0.45): 24.54 (7d), 27.35 (14d), 33.25 (28d), 41.68 (56d); Cubical (w/c 0.50): 21 (7d), 25.5 (14d), 30.2 (28"
45,22.085 (14d),"Cubical (w/c 0.45): 24.54 (7d), 27.35 (14d), 33.25 (28d), 41.68 (56d); Cubical (w/c 0.50): 21 (7d), 25.5 (14d), 30.2 (28"
45,28.23 (28d),"Cubical (w/c 0.45): 24.54 (7d), 27.35 (14d), 33.25 (28d), 41.68 (56d); Cubical (w/c 0.50): 21 (7d), 25.5 (14d), 30.2 (28"
45,34.16 (56d),"Cubical (w/c 0.45): 24.54 (7d), 27.35 (14d), 33.25 (28d), 41.68 (56d); Cubical (w/c 0.50): 21 (7d), 25.5 (14d), 30.2 (28"
45,14.69 (7d),"Cubical (w/c 0.45): 24.54 (7d), 27.35 (14d), 33.25 (28d), 41.68 (56d); Cubical (w/c 0.50): 21 (7d), 25.5 (14d), 30.2 (28"
45,19.66 (14d),"Cubical (w/c 0.45): 24.54 (7d), 27.35 (14d), 33.25 (28d), 41.68 (56d); Cubical (w/c 0.50): 21 (7d), 25.5 (14d), 30.2 (28"
45,22.44 (28d),"Cubical (w/c 0.45): 24.54 (7d), 27.35 (14d), 33.25 (28d), 41.68 (56d); Cubical (w/c 0.50): 21 (7d), 25.5 (14d), 30.2 (28"
45,26.68 (56d),"Cubical (w/c 0.45): 24.54 (7d), 27.35 (14d), 33.25 (28d), 41.68 (56d); Cubical (w/c 0.50): 21 (7d), 25.5 (14d), 30.2 (28"
45,13.95 (7d),"Cubical (w/c 0.45): 24.54 (7d), 27.35 (14d), 33.25 (28d), 41.68 (56d); Cubical (w/c 0.50): 21 (7d), 25.5 (14d), 30.2 (28"
45,16.81 (14d),"Cubical (w/c 0.45): 24.54 (7d), 27.35 (14d), 33.25 (28d), 41.68 (56d); Cubical (w/c 0.50): 21 (7d), 25.5 (14d), 30.2 (28"
45,19.53 (28d),"Cubical (w/c 0.45): 24.54 (7d), 27.35 (14d), 33.25 (28d), 41.68 (56d); Cubical (w/c 0.50): 21 (7d), 25.5 (14d), 30.2 (28"
45,23.04 (56d),"Cubical (w/c 0.45): 24.54 (7d), 27.35 (14d), 33.25 (28d), 41.68 (56d); Cubical (w/c 0.50): 21 (7d), 25.5 (14d), 30.2 (28"
46,23.2,"23.2, 27.4, 35 (W4A10); 20.9, 25.7, 30.9 (W5A10); 18.9, 22.4, 28.8 (W6A10); 21, 26, 31 (W4A15); 17.5, 23, 28.6 (W5A15); "
46,27.4,"23.2, 27.4, 35 (W4A10); 20.9, 25.7, 30.9 (W5A10); 18.9, 22.4, 28.8 (W6A10); 21, 26, 31 (W4A15); 17.5, 23, 28.6 (W5A15); "
46,35 (W4A10),"23.2, 27.4, 35 (W4A10); 20.9, 25.7, 30.9 (W5A10); 18.9, 22.4, 28.8 (W6A10); 21, 26, 31 (W4A15); 17.5, 23, 28.6 (W5A15); "
46,20.9,"23.2, 27.4, 35 (W4A10); 20.9, 25.7, 30.9 (W5A10); 18.9, 22.4, 28.8 (W6A10); 21, 26, 31 (W4A15); 17.5, 23, 28.6 (W5A15); "
46,25.7,"23.2, 27.4, 35 (W4A10); 20.9, 25.7, 30.9 (W5A10); 18.9, 22.4, 28.8 (W6A10); 21, 26, 31 (W4A15); 17.5, 23, 28.6 (W5A15); "
46,30.9 (W5A10),"23.2, 27.4, 35 (W4A10); 20.9, 25.7, 30.9 (W5A10); 18.9, 22.4, 28.8 (W6A10); 21, 26, 31 (W4A15); 17.5, 23, 28.6 (W5A15); "
46,18.9,"23.2, 27.4, 35 (W4A10); 20.9, 25.7, 30.9 (W5A10); 18.9, 22.4, 28.8 (W6A10); 21, 26, 31 (W4A15); 17.5, 23, 28.6 (W5A15); "
46,22.4,"23.2, 27.4, 35 (W4A10); 20.9, 25.7, 30.9 (W5A10); 18.9, 22.4, 28.8 (W6A10); 21, 26, 31 (W4A15); 17.5, 23, 28.6 (W5A15); "
46,28.8 (W6A10),"23.2, 27.4, 35 (W4A10); 20.9, 25.7, 30.9 (W5A10); 18.9, 22.4, 28.8 (W6A10); 21, 26, 31 (W4A15); 17.5, 23, 28.6 (W5A15); "
46,21,"23.2, 27.4, 35 (W4A10); 20.9, 25.7, 30.9 (W5A10); 18.9, 22.4, 28.8 (W6A10); 21, 26, 31 (W4A15); 17.5, 23, 28.6 (W5A15); "
46,26,"23.2, 27.4, 35 (W4A10); 20.9, 25.7, 30.9 (W5A10); 18.9, 22.4, 28.8 (W6A10); 21, 26, 31 (W4A15); 17.5, 23, 28.6 (W5A15); "
46,31 (W4A15),"23.2, 27.4, 35 (W4A10); 20.9, 25.7, 30.9 (W5A10); 18.9, 22.4, 28.8 (W6A10); 21, 26, 31 (W4A15); 17.5, 23, 28.6 (W5A15); "
46,17.5,"23.2, 27.4, 35 (W4A10); 20.9, 25.7, 30.9 (W5A10); 18.9, 22.4, 28.8 (W6A10); 21, 26, 31 (W4A15); 17.5, 23, 28.6 (W5A15); "
46,23,"23.2, 27.4, 35 (W4A10); 20.9, 25.7, 30.9 (W5A10); 18.9, 22.4, 28.8 (W6A10); 21, 26, 31 (W4A15); 17.5, 23, 28.6 (W5A15); "
46,28.6 (W5A15),"23.2, 27.4, 35 (W4A10); 20.9, 25.7, 30.9 (W5A10); 18.9, 22.4, 28.8 (W6A10); 21, 26, 31 (W4A15); 17.5, 23, 28.6 (W5A15); "
46,16.3,"23.2, 27.4, 35 (W4A10); 20.9, 25.7, 30.9 (W5A10); 18.9, 22.4, 28.8 (W6A10); 21, 26, 31 (W4A15); 17.5, 23, 28.6 (W5A15); "
46,20.2,"23.2, 27.4, 35 (W4A10); 20.9, 25.7, 30.9 (W5A10); 18.9, 22.4, 28.8 (W6A10); 21, 26, 31 (W4A15); 17.5, 23, 28.6 (W5A15); "
46,26 (W6A15),"23.2, 27.4, 35 (W4A10); 20.9, 25.7, 30.9 (W5A10); 18.9, 22.4, 28.8 (W6A10); 21, 26, 31 (W4A15); 17.5, 23, 28.6 (W5A15); "
47,75.2 (at 28 days,"75.2 (at 28 days, 20% RHA, w/b 0.35)"
47,20% RHA,"75.2 (at 28 days, 20% RHA, w/b 0.35)"
47,w/b 0.35),"75.2 (at 28 days, 20% RHA, w/b 0.35)"
51,44.2 - 52.7,7-day: 44.2 - 52.7; 28-day: 51.7 - 65.2; 90-day: 56.1 - 71.3
51,51.7 - 65.2,7-day: 44.2 - 52.7; 28-day: 51.7 - 65.2; 90-day: 56.1 - 71.3
51,56.1 - 71.3,7-day: 44.2 - 52.7; 28-day: 51.7 - 65.2; 90-day: 56.1 - 71.3
52,24.000,"24.000, 27.350, 33.450, 21.000, 16.950, 31.500, 29.000, 27.850, 26.000, 26.550, 25.000, 23.500, 23.000, 19.250, 18.000, "
52,27.350,"24.000, 27.350, 33.450, 21.000, 16.950, 31.500, 29.000, 27.850, 26.000, 26.550, 25.000, 23.500, 23.000, 19.250, 18.000, "
52,33.450,"24.000, 27.350, 33.450, 21.000, 16.950, 31.500, 29.000, 27.850, 26.000, 26.550, 25.000, 23.500, 23.000, 19.250, 18.000, "
52,21.000,"24.000, 27.350, 33.450, 21.000, 16.950, 31.500, 29.000, 27.850, 26.000, 26.550, 25.000, 23.500, 23.000, 19.250, 18.000, "
52,16.950,"24.000, 27.350, 33.450, 21.000, 16.950, 31.500, 29.000, 27.850, 26.000, 26.550, 25.000, 23.500, 23.000, 19.250, 18.000, "
52,31.500,"24.000, 27.350, 33.450, 21.000, 16.950, 31.500, 29.000, 27.850, 26.000, 26.550, 25.000, 23.500, 23.000, 19.250, 18.000, "
52,29.000,"24.000, 27.350, 33.450, 21.000, 16.950, 31.500, 29.000, 27.850, 26.000, 26.550, 25.000, 23.500, 23.000, 19.250, 18.000, "
52,27.850,"24.000, 27.350, 33.450, 21.000, 16.950, 31.500, 29.000, 27.850, 26.000, 26.550, 25.000, 23.500, 23.000, 19.250, 18.000, "
52,26.000,"24.000, 27.350, 33.450, 21.000, 16.950, 31.500, 29.000, 27.850, 26.000, 26.550, 25.000, 23.500, 23.000, 19.250, 18.000, "
52,26.550,"24.000, 27.350, 33.450, 21.000, 16.950, 31.500, 29.000, 27.850, 26.000, 26.550, 25.000, 23.500, 23.000, 19.250, 18.000, "
52,25.000,"24.000, 27.350, 33.450, 21.000, 16.950, 31.500, 29.000, 27.850, 26.000, 26.550, 25.000, 23.500, 23.000, 19.250, 18.000, "
52,23.500,"24.000, 27.350, 33.450, 21.000, 16.950, 31.500, 29.000, 27.850, 26.000, 26.550, 25.000, 23.500, 23.000, 19.250, 18.000, "
52,23.000,"24.000, 27.350, 33.450, 21.000, 16.950, 31.500, 29.000, 27.850, 26.000, 26.550, 25.000, 23.500, 23.000, 19.250, 18.000, "
52,19.250,"24.000, 27.350, 33.450, 21.000, 16.950, 31.500, 29.000, 27.850, 26.000, 26.550, 25.000, 23.500, 23.000, 19.250, 18.000, "
52,18.000,"24.000, 27.350, 33.450, 21.000, 16.950, 31.500, 29.000, 27.850, 26.000, 26.550, 25.000, 23.500, 23.000, 19.250, 18.000, "
52,29.000,"24.000, 27.350, 33.450, 21.000, 16.950, 31.500, 29.000, 27.850, 26.000, 26.550, 25.000, 23.500, 23.000, 19.250, 18.000, "
52,28.500,"24.000, 27.350, 33.450, 21.000, 16.950, 31.500, 29.000, 27.850, 26.000, 26.550, 25.000, 23.500, 23.000, 19.250, 18.000, "
52,26.950,"24.000, 27.350, 33.450, 21.000, 16.950, 31.500, 29.000, 27.850, 26.000, 26.550, 25.000, 23.500, 23.000, 19.250, 18.000, "
52,25.000,"24.000, 27.350, 33.450, 21.000, 16.950, 31.500, 29.000, 27.850, 26.000, 26.550, 25.000, 23.500, 23.000, 19.250, 18.000, "
52,24.150,"24.000, 27.350, 33.450, 21.000, 16.950, 31.500, 29.000, 27.850, 26.000, 26.550, 25.000, 23.500, 23.000, 19.250, 18.000, "
52,26.000,"24.000, 27.350, 33.450, 21.000, 16.950, 31.500, 29.000, 27.850, 26.000, 26.550, 25.000, 23.500, 23.000, 19.250, 18.000, "
52,25.850,"24.000, 27.350, 33.450, 21.000, 16.950, 31.500, 29.000, 27.850, 26.000, 26.550, 25.000, 23.500, 23.000, 19.250, 18.000, "
52,25.250,"24.000, 27.350, 33.450, 21.000, 16.950, 31.500, 29.000, 27.850, 26.000, 26.550, 25.000, 23.500, 23.000, 19.250, 18.000, "
52,24.000,"24.000, 27.350, 33.450, 21.000, 16.950, 31.500, 29.000, 27.850, 26.000, 26.550, 25.000, 23.500, 23.000, 19.250, 18.000, "
52,23.000,"24.000, 27.350, 33.450, 21.000, 16.950, 31.500, 29.000, 27.850, 26.000, 26.550, 25.000, 23.500, 23.000, 19.250, 18.000, "
52,23.650,"24.000, 27.350, 33.450, 21.000, 16.950, 31.500, 29.000, 27.850, 26.000, 26.550, 25.000, 23.500, 23.000, 19.250, 18.000, "
52,24.000,"24.000, 27.350, 33.450, 21.000, 16.950, 31.500, 29.000, 27.850, 26.000, 26.550, 25.000, 23.500, 23.000, 19.250, 18.000, "
52,24.950,"24.000, 27.350, 33.450, 21.000, 16.950, 31.500, 29.000, 27.850, 26.000, 26.550, 25.000, 23.500, 23.000, 19.250, 18.000, "
52,27.100,"24.000, 27.350, 33.450, 21.000, 16.950, 31.500, 29.000, 27.850, 26.000, 26.550, 25.000, 23.500, 23.000, 19.250, 18.000, "
52,27.000,"24.000, 27.350, 33.450, 21.000, 16.950, 31.500, 29.000, 27.850, 26.000, 26.550, 25.000, 23.500, 23.000, 19.250, 18.000, "
55,>150 (up to >200),>150 (up to >200)
56,27.8,"7 days: 27.8, 26.6, 28.3, 27.3, 26.2, 25.9
28 days: 41.70, 39.90, 42.45, 40.95, 39.30, 38.85"
56,26.6,"7 days: 27.8, 26.6, 28.3, 27.3, 26.2, 25.9
28 days: 41.70, 39.90, 42.45, 40.95, 39.30, 38.85"
56,28.3,"7 days: 27.8, 26.6, 28.3, 27.3, 26.2, 25.9
28 days: 41.70, 39.90, 42.45, 40.95, 39.30, 38.85"
56,27.3,"7 days: 27.8, 26.6, 28.3, 27.3, 26.2, 25.9
28 days: 41.70, 39.90, 42.45, 40.95, 39.30, 38.85"
56,26.2,"7 days: 27.8, 26.6, 28.3, 27.3, 26.2, 25.9
28 days: 41.70, 39.90, 42.45, 40.95, 39.30, 38.85"
56,25.9,"7 days: 27.8, 26.6, 28.3, 27.3, 26.2, 25.9
28 days: 41.70, 39.90, 42.45, 40.95, 39.30, 38.85"
56,41.70,"7 days: 27.8, 26.6, 28.3, 27.3, 26.2, 25.9
28 days: 41.70, 39.90, 42.45, 40.95, 39.30, 38.85"
56,39.90,"7 days: 27.8, 26.6, 28.3, 27.3, 26.2, 25.9
28 days: 41.70, 39.90, 42.45, 40.95, 39.30, 38.85"
56,42.45,"7 days: 27.8, 26.6, 28.3, 27.3, 26.2, 25.9
28 days: 41.70, 39.90, 42.45, 40.95, 39.30, 38.85"
56,40.95,"7 days: 27.8, 26.6, 28.3, 27.3, 26.2, 25.9
28 days: 41.70, 39.90, 42.45, 40.95, 39.30, 38.85"
56,39.30,"7 days: 27.8, 26.6, 28.3, 27.3, 26.2, 25.9
28 days: 41.70, 39.90, 42.45, 40.95, 39.30, 38.85"
56,38.85,"7 days: 27.8, 26.6, 28.3, 27.3, 26.2, 25.9
28 days: 41.70, 39.90, 42.45, 40.95, 39.30, 38.85"
59,M-C: 47.88,"3-Day: M-C: 47.88, M-25: 68.78;
28-Day: M-C: 82.06, M-25: 98.08, M-50: 108.57, M-100: 97.24"
59,M-C: 82.06,"3-Day: M-C: 47.88, M-25: 68.78;
28-Day: M-C: 82.06, M-25: 98.08, M-50: 108.57, M-100: 97.24"
60,47,47
62,1.2  62.3,1.2  62.3
63,M-C = 61.2,3-day: M-C = 61.2; M-15 = 63.8; M-25 = 52.1; M-40 = 47.9; 28-day: M-C = 80.0; M-15 = 94.67; M-25 = 111.3; M-40 = 90.42
63,M-C = 80.0,3-day: M-C = 61.2; M-15 = 63.8; M-25 = 52.1; M-40 = 47.9; 28-day: M-C = 80.0; M-15 = 94.67; M-25 = 111.3; M-40 = 90.42
67,46.00 (7d),"46.00 (7d), 65.01 (28d), 67.05 (56d) [RHA0]; 46.76 (7d), 67.73 (28d), 69.13 (56d) [RHA5]; 47.04 (7d), 68.92 (28d), 71.85"
67,65.01 (28d),"46.00 (7d), 65.01 (28d), 67.05 (56d) [RHA0]; 46.76 (7d), 67.73 (28d), 69.13 (56d) [RHA5]; 47.04 (7d), 68.92 (28d), 71.85"
67,46.76 (7d),"46.00 (7d), 65.01 (28d), 67.05 (56d) [RHA0]; 46.76 (7d), 67.73 (28d), 69.13 (56d) [RHA5]; 47.04 (7d), 68.92 (28d), 71.85"
67,67.73 (28d),"46.00 (7d), 65.01 (28d), 67.05 (56d) [RHA0]; 46.76 (7d), 67.73 (28d), 69.13 (56d) [RHA5]; 47.04 (7d), 68.92 (28d), 71.85"
67,47.04 (7d),"46.00 (7d), 65.01 (28d), 67.05 (56d) [RHA0]; 46.76 (7d), 67.73 (28d), 69.13 (56d) [RHA5]; 47.04 (7d), 68.92 (28d), 71.85"
67,68.92 (28d),"46.00 (7d), 65.01 (28d), 67.05 (56d) [RHA0]; 46.76 (7d), 67.73 (28d), 69.13 (56d) [RHA5]; 47.04 (7d), 68.92 (28d), 71.85"
67,43.61 (7d),"46.00 (7d), 65.01 (28d), 67.05 (56d) [RHA0]; 46.76 (7d), 67.73 (28d), 69.13 (56d) [RHA5]; 47.04 (7d), 68.92 (28d), 71.85"
67,63.95 (28d),"46.00 (7d), 65.01 (28d), 67.05 (56d) [RHA0]; 46.76 (7d), 67.73 (28d), 69.13 (56d) [RHA5]; 47.04 (7d), 68.92 (28d), 71.85"
67,41.48 (7d),"46.00 (7d), 65.01 (28d), 67.05 (56d) [RHA0]; 46.76 (7d), 67.73 (28d), 69.13 (56d) [RHA5]; 47.04 (7d), 68.92 (28d), 71.85"
67,61.50 (28d),"46.00 (7d), 65.01 (28d), 67.05 (56d) [RHA0]; 46.76 (7d), 67.73 (28d), 69.13 (56d) [RHA5]; 47.04 (7d), 68.92 (28d), 71.85"
68,28-day compressive strength increased by 31% over control for 10% RHA (Habeeb and Mahmud [46])  [pct not in declared levels],21 (at 28 days for 15% RHA in Farshad et al. [66]); 28-day compressive strength increased by 31% over control for 10% RH
68,Gain of 9% at 7 days,21 (at 28 days for 15% RHA in Farshad et al. [66]); 28-day compressive strength increased by 31% over control for 10% RH
68,10% at 28 days,21 (at 28 days for 15% RHA in Farshad et al. [66]); 28-day compressive strength increased by 31% over control for 10% RH
68,13% at 56 days for 10% RHA (Rafat et al. [50  [pct not in declared levels],21 (at 28 days for 15% RHA in Farshad et al. [66]); 28-day compressive strength increased by 31% over control for 10% RH
68,51]),21 (at 28 days for 15% RHA in Farshad et al. [66]); 28-day compressive strength increased by 31% over control for 10% RH
68,Increased by 18% at 7 days for 30% RHA (Saraswathy and Song [47])  [pct not in declared levels],21 (at 28 days for 15% RHA in Farshad et al. [66]); 28-day compressive strength increased by 31% over control for 10% RH
68,Decreased by 28% for 25% RHA without superplasticizer (Rawaid [48]),21 (at 28 days for 15% RHA in Farshad et al. [66]); 28-day compressive strength increased by 31% over control for 10% RH
69,RHA-0: 29.26,"7-day: RHA-0: 29.26, RHA-2.5: 29.17, RHA-5: 32.54, RHA-7.5: 31.05, RHA-10: 29.40;
14-day: RHA-0: 38.06, RHA-2.5: 35.35, "
69,RHA-0: 38.06,"7-day: RHA-0: 29.26, RHA-2.5: 29.17, RHA-5: 32.54, RHA-7.5: 31.05, RHA-10: 29.40;
14-day: RHA-0: 38.06, RHA-2.5: 35.35, "
69,RHA-0: 39.33,"7-day: RHA-0: 29.26, RHA-2.5: 29.17, RHA-5: 32.54, RHA-7.5: 31.05, RHA-10: 29.40;
14-day: RHA-0: 38.06, RHA-2.5: 35.35, "
69,RHA-0: 45.30,"7-day: RHA-0: 29.26, RHA-2.5: 29.17, RHA-5: 32.54, RHA-7.5: 31.05, RHA-10: 29.40;
14-day: RHA-0: 38.06, RHA-2.5: 35.35, "
70,10.4,"10.4, 11.1, 11.6, 11.7, 12.0, 12.2, 12.8, 13.8, 17.08, 18.4, 20.7, 20.9, 22.1, 23.6, 24.4, 24.8, 26.4, 26.42, 26.65, 27."
70,11.1,"10.4, 11.1, 11.6, 11.7, 12.0, 12.2, 12.8, 13.8, 17.08, 18.4, 20.7, 20.9, 22.1, 23.6, 24.4, 24.8, 26.4, 26.42, 26.65, 27."
70,11.6,"10.4, 11.1, 11.6, 11.7, 12.0, 12.2, 12.8, 13.8, 17.08, 18.4, 20.7, 20.9, 22.1, 23.6, 24.4, 24.8, 26.4, 26.42, 26.65, 27."
70,11.7,"10.4, 11.1, 11.6, 11.7, 12.0, 12.2, 12.8, 13.8, 17.08, 18.4, 20.7, 20.9, 22.1, 23.6, 24.4, 24.8, 26.4, 26.42, 26.65, 27."
70,12.0,"10.4, 11.1, 11.6, 11.7, 12.0, 12.2, 12.8, 13.8, 17.08, 18.4, 20.7, 20.9, 22.1, 23.6, 24.4, 24.8, 26.4, 26.42, 26.65, 27."
70,12.2,"10.4, 11.1, 11.6, 11.7, 12.0, 12.2, 12.8, 13.8, 17.08, 18.4, 20.7, 20.9, 22.1, 23.6, 24.4, 24.8, 26.4, 26.42, 26.65, 27."
70,12.8,"10.4, 11.1, 11.6, 11.7, 12.0, 12.2, 12.8, 13.8, 17.08, 18.4, 20.7, 20.9, 22.1, 23.6, 24.4, 24.8, 26.4, 26.42, 26.65, 27."
70,13.8,"10.4, 11.1, 11.6, 11.7, 12.0, 12.2, 12.8, 13.8, 17.08, 18.4, 20.7, 20.9, 22.1, 23.6, 24.4, 24.8, 26.4, 26.42, 26.65, 27."
70,17.08,"10.4, 11.1, 11.6, 11.7, 12.0, 12.2, 12.8, 13.8, 17.08, 18.4, 20.7, 20.9, 22.1, 23.6, 24.4, 24.8, 26.4, 26.42, 26.65, 27."
70,18.4,"10.4, 11.1, 11.6, 11.7, 12.0, 12.2, 12.8, 13.8, 17.08, 18.4, 20.7, 20.9, 22.1, 23.6, 24.4, 24.8, 26.4, 26.42, 26.65, 27."
70,20.7,"10.4, 11.1, 11.6, 11.7, 12.0, 12.2, 12.8, 13.8, 17.08, 18.4, 20.7, 20.9, 22.1, 23.6, 24.4, 24.8, 26.4, 26.42, 26.65, 27."
70,20.9,"10.4, 11.1, 11.6, 11.7, 12.0, 12.2, 12.8, 13.8, 17.08, 18.4, 20.7, 20.9, 22.1, 23.6, 24.4, 24.8, 26.4, 26.42, 26.65, 27."
70,22.1,"10.4, 11.1, 11.6, 11.7, 12.0, 12.2, 12.8, 13.8, 17.08, 18.4, 20.7, 20.9, 22.1, 23.6, 24.4, 24.8, 26.4, 26.42, 26.65, 27."
70,23.6,"10.4, 11.1, 11.6, 11.7, 12.0, 12.2, 12.8, 13.8, 17.08, 18.4, 20.7, 20.9, 22.1, 23.6, 24.4, 24.8, 26.4, 26.42, 26.65, 27."
70,24.4,"10.4, 11.1, 11.6, 11.7, 12.0, 12.2, 12.8, 13.8, 17.08, 18.4, 20.7, 20.9, 22.1, 23.6, 24.4, 24.8, 26.4, 26.42, 26.65, 27."
70,24.8,"10.4, 11.1, 11.6, 11.7, 12.0, 12.2, 12.8, 13.8, 17.08, 18.4, 20.7, 20.9, 22.1, 23.6, 24.4, 24.8, 26.4, 26.42, 26.65, 27."
70,26.4,"10.4, 11.1, 11.6, 11.7, 12.0, 12.2, 12.8, 13.8, 17.08, 18.4, 20.7, 20.9, 22.1, 23.6, 24.4, 24.8, 26.4, 26.42, 26.65, 27."
70,26.42,"10.4, 11.1, 11.6, 11.7, 12.0, 12.2, 12.8, 13.8, 17.08, 18.4, 20.7, 20.9, 22.1, 23.6, 24.4, 24.8, 26.4, 26.42, 26.65, 27."
70,26.65,"10.4, 11.1, 11.6, 11.7, 12.0, 12.2, 12.8, 13.8, 17.08, 18.4, 20.7, 20.9, 22.1, 23.6, 24.4, 24.8, 26.4, 26.42, 26.65, 27."
70,27.2,"10.4, 11.1, 11.6, 11.7, 12.0, 12.2, 12.8, 13.8, 17.08, 18.4, 20.7, 20.9, 22.1, 23.6, 24.4, 24.8, 26.4, 26.42, 26.65, 27."
70,27.4,"10.4, 11.1, 11.6, 11.7, 12.0, 12.2, 12.8, 13.8, 17.08, 18.4, 20.7, 20.9, 22.1, 23.6, 24.4, 24.8, 26.4, 26.42, 26.65, 27."
70,27.6,"10.4, 11.1, 11.6, 11.7, 12.0, 12.2, 12.8, 13.8, 17.08, 18.4, 20.7, 20.9, 22.1, 23.6, 24.4, 24.8, 26.4, 26.42, 26.65, 27."
70,27.8,"10.4, 11.1, 11.6, 11.7, 12.0, 12.2, 12.8, 13.8, 17.08, 18.4, 20.7, 20.9, 22.1, 23.6, 24.4, 24.8, 26.4, 26.42, 26.65, 27."
70,28.13,"10.4, 11.1, 11.6, 11.7, 12.0, 12.2, 12.8, 13.8, 17.08, 18.4, 20.7, 20.9, 22.1, 23.6, 24.4, 24.8, 26.4, 26.42, 26.65, 27."
70,28.3,"10.4, 11.1, 11.6, 11.7, 12.0, 12.2, 12.8, 13.8, 17.08, 18.4, 20.7, 20.9, 22.1, 23.6, 24.4, 24.8, 26.4, 26.42, 26.65, 27."
70,28.9,"10.4, 11.1, 11.6, 11.7, 12.0, 12.2, 12.8, 13.8, 17.08, 18.4, 20.7, 20.9, 22.1, 23.6, 24.4, 24.8, 26.4, 26.42, 26.65, 27."
70,29.3,"10.4, 11.1, 11.6, 11.7, 12.0, 12.2, 12.8, 13.8, 17.08, 18.4, 20.7, 20.9, 22.1, 23.6, 24.4, 24.8, 26.4, 26.42, 26.65, 27."
70,36.0,"10.4, 11.1, 11.6, 11.7, 12.0, 12.2, 12.8, 13.8, 17.08, 18.4, 20.7, 20.9, 22.1, 23.6, 24.4, 24.8, 26.4, 26.42, 26.65, 27."
70,37.0,"10.4, 11.1, 11.6, 11.7, 12.0, 12.2, 12.8, 13.8, 17.08, 18.4, 20.7, 20.9, 22.1, 23.6, 24.4, 24.8, 26.4, 26.42, 26.65, 27."
70,38.3,"10.4, 11.1, 11.6, 11.7, 12.0, 12.2, 12.8, 13.8, 17.08, 18.4, 20.7, 20.9, 22.1, 23.6, 24.4, 24.8, 26.4, 26.42, 26.65, 27."
70,38.9,"10.4, 11.1, 11.6, 11.7, 12.0, 12.2, 12.8, 13.8, 17.08, 18.4, 20.7, 20.9, 22.1, 23.6, 24.4, 24.8, 26.4, 26.42, 26.65, 27."
70,39.73,"10.4, 11.1, 11.6, 11.7, 12.0, 12.2, 12.8, 13.8, 17.08, 18.4, 20.7, 20.9, 22.1, 23.6, 24.4, 24.8, 26.4, 26.42, 26.65, 27."
70,39.8,"10.4, 11.1, 11.6, 11.7, 12.0, 12.2, 12.8, 13.8, 17.08, 18.4, 20.7, 20.9, 22.1, 23.6, 24.4, 24.8, 26.4, 26.42, 26.65, 27."
70,42.8,"10.4, 11.1, 11.6, 11.7, 12.0, 12.2, 12.8, 13.8, 17.08, 18.4, 20.7, 20.9, 22.1, 23.6, 24.4, 24.8, 26.4, 26.42, 26.65, 27."
70,43.08,"10.4, 11.1, 11.6, 11.7, 12.0, 12.2, 12.8, 13.8, 17.08, 18.4, 20.7, 20.9, 22.1, 23.6, 24.4, 24.8, 26.4, 26.42, 26.65, 27."
70,46.7,"10.4, 11.1, 11.6, 11.7, 12.0, 12.2, 12.8, 13.8, 17.08, 18.4, 20.7, 20.9, 22.1, 23.6, 24.4, 24.8, 26.4, 26.42, 26.65, 27."
70,50.06,"10.4, 11.1, 11.6, 11.7, 12.0, 12.2, 12.8, 13.8, 17.08, 18.4, 20.7, 20.9, 22.1, 23.6, 24.4, 24.8, 26.4, 26.42, 26.65, 27."
71,25.1 (2d),"25.1 (2d), 51.2 (7d), 60.3 (28d), 66.1 (90d)"
71,51.2 (7d),"25.1 (2d), 51.2 (7d), 60.3 (28d), 66.1 (90d)"
71,60.3 (28d),"25.1 (2d), 51.2 (7d), 60.3 (28d), 66.1 (90d)"
71,66.1 (90d),"25.1 (2d), 51.2 (7d), 60.3 (28d), 66.1 (90d)"
73,35 (RC-K0-G0),35 (RC-K0-G0); 35 (RC-K10-G0); 33 (RC-K20-G0); 31 (RC-K30-G0); 33 (RC-K0-G30); 34 (RC-K10-G30); 33 (RC-K20-G30); 31 (RC-
73,35 (RC-K10-G0),35 (RC-K0-G0); 35 (RC-K10-G0); 33 (RC-K20-G0); 31 (RC-K30-G0); 33 (RC-K0-G30); 34 (RC-K10-G30); 33 (RC-K20-G30); 31 (RC-
73,33 (RC-K20-G0),35 (RC-K0-G0); 35 (RC-K10-G0); 33 (RC-K20-G0); 31 (RC-K30-G0); 33 (RC-K0-G30); 34 (RC-K10-G30); 33 (RC-K20-G30); 31 (RC-
73,31 (RC-K30-G0),35 (RC-K0-G0); 35 (RC-K10-G0); 33 (RC-K20-G0); 31 (RC-K30-G0); 33 (RC-K0-G30); 34 (RC-K10-G30); 33 (RC-K20-G30); 31 (RC-
73,33 (RC-K0-G30),35 (RC-K0-G0); 35 (RC-K10-G0); 33 (RC-K20-G0); 31 (RC-K30-G0); 33 (RC-K0-G30); 34 (RC-K10-G30); 33 (RC-K20-G30); 31 (RC-
73,34 (RC-K10-G30),35 (RC-K0-G0); 35 (RC-K10-G0); 33 (RC-K20-G0); 31 (RC-K30-G0); 33 (RC-K0-G30); 34 (RC-K10-G30); 33 (RC-K20-G30); 31 (RC-
73,33 (RC-K20-G30),35 (RC-K0-G0); 35 (RC-K10-G0); 33 (RC-K20-G0); 31 (RC-K30-G0); 33 (RC-K0-G30); 34 (RC-K10-G30); 33 (RC-K20-G30); 31 (RC-
73,31 (RC-K30-G30),35 (RC-K0-G0); 35 (RC-K10-G0); 33 (RC-K20-G0); 31 (RC-K30-G0); 33 (RC-K0-G30); 34 (RC-K10-G30); 33 (RC-K20-G30); 31 (RC-
73,31 (RC-K0-G50),35 (RC-K0-G0); 35 (RC-K10-G0); 33 (RC-K20-G0); 31 (RC-K30-G0); 33 (RC-K0-G30); 34 (RC-K10-G30); 33 (RC-K20-G30); 31 (RC-
73,33 (RC-K10-G50),35 (RC-K0-G0); 35 (RC-K10-G0); 33 (RC-K20-G0); 31 (RC-K30-G0); 33 (RC-K0-G30); 34 (RC-K10-G30); 33 (RC-K20-G30); 31 (RC-
73,31 (RC-K20-G50),35 (RC-K0-G0); 35 (RC-K10-G0); 33 (RC-K20-G0); 31 (RC-K30-G0); 33 (RC-K0-G30); 34 (RC-K10-G30); 33 (RC-K20-G30); 31 (RC-
73,27 (RC-K30-G50),35 (RC-K0-G0); 35 (RC-K10-G0); 33 (RC-K20-G0); 31 (RC-K30-G0); 33 (RC-K0-G30); 34 (RC-K10-G30); 33 (RC-K20-G30); 31 (RC-
73,28 (RC-K0-G70),35 (RC-K0-G0); 35 (RC-K10-G0); 33 (RC-K20-G0); 31 (RC-K30-G0); 33 (RC-K0-G30); 34 (RC-K10-G30); 33 (RC-K20-G30); 31 (RC-
73,28 (RC-K10-G70),35 (RC-K0-G0); 35 (RC-K10-G0); 33 (RC-K20-G0); 31 (RC-K30-G0); 33 (RC-K0-G30); 34 (RC-K10-G30); 33 (RC-K20-G30); 31 (RC-
73,28 (RC-K20-G70),35 (RC-K0-G0); 35 (RC-K10-G0); 33 (RC-K20-G0); 31 (RC-K30-G0); 33 (RC-K0-G30); 34 (RC-K10-G30); 33 (RC-K20-G30); 31 (RC-
73,25 (RC-K30-G70),35 (RC-K0-G0); 35 (RC-K10-G0); 33 (RC-K20-G0); 31 (RC-K30-G0); 33 (RC-K0-G30); 34 (RC-K10-G30); 33 (RC-K20-G30); 31 (RC-
73,26 (RC-K0-G100),35 (RC-K0-G0); 35 (RC-K10-G0); 33 (RC-K20-G0); 31 (RC-K30-G0); 33 (RC-K0-G30); 34 (RC-K10-G30); 33 (RC-K20-G30); 31 (RC-
73,27 (RC-K10-G100),35 (RC-K0-G0); 35 (RC-K10-G0); 33 (RC-K20-G0); 31 (RC-K30-G0); 33 (RC-K0-G30); 34 (RC-K10-G30); 33 (RC-K20-G30); 31 (RC-
73,26 (RC-K20-G100),35 (RC-K0-G0); 35 (RC-K10-G0); 33 (RC-K20-G0); 31 (RC-K30-G0); 33 (RC-K0-G30); 34 (RC-K10-G30); 33 (RC-K20-G30); 31 (RC-
73,25 (RC-K30-G100),35 (RC-K0-G0); 35 (RC-K10-G0); 33 (RC-K20-G0); 31 (RC-K30-G0); 33 (RC-K0-G30); 34 (RC-K10-G30); 33 (RC-K20-G30); 31 (RC-
75,39.4,"39.4, 48.0, 59.6"
75,48.0,"39.4, 48.0, 59.6"
75,59.6,"39.4, 48.0, 59.6"
77,120,"120, 100, 62, 55, 48.8, 43.4, 40.2, 38.9, 36.2, 30.3, 20.8"
77,100,"120, 100, 62, 55, 48.8, 43.4, 40.2, 38.9, 36.2, 30.3, 20.8"
77,62,"120, 100, 62, 55, 48.8, 43.4, 40.2, 38.9, 36.2, 30.3, 20.8"
77,55,"120, 100, 62, 55, 48.8, 43.4, 40.2, 38.9, 36.2, 30.3, 20.8"
77,48.8,"120, 100, 62, 55, 48.8, 43.4, 40.2, 38.9, 36.2, 30.3, 20.8"
77,43.4,"120, 100, 62, 55, 48.8, 43.4, 40.2, 38.9, 36.2, 30.3, 20.8"
77,40.2,"120, 100, 62, 55, 48.8, 43.4, 40.2, 38.9, 36.2, 30.3, 20.8"
77,38.9,"120, 100, 62, 55, 48.8, 43.4, 40.2, 38.9, 36.2, 30.3, 20.8"
77,36.2,"120, 100, 62, 55, 48.8, 43.4, 40.2, 38.9, 36.2, 30.3, 20.8"
77,30.3,"120, 100, 62, 55, 48.8, 43.4, 40.2, 38.9, 36.2, 30.3, 20.8"
77,20.8,"120, 100, 62, 55, 48.8, 43.4, 40.2, 38.9, 36.2, 30.3, 20.8"
78,R0W45: 26.0,"28-day:
R0W35: 31.0 | R0W45: 26.0 | R0W50: 23.6
R10W35: 37.8 | R10W45: 35.0 | R10W50: 29.4
R15W35: 44.6 | R15W45: 37.5 |"
78,R0W50: 23.6,"28-day:
R0W35: 31.0 | R0W45: 26.0 | R0W50: 23.6
R10W35: 37.8 | R10W45: 35.0 | R10W50: 29.4
R15W35: 44.6 | R15W45: 37.5 |"
78,R0W45: 36.2,"28-day:
R0W35: 31.0 | R0W45: 26.0 | R0W50: 23.6
R10W35: 37.8 | R10W45: 35.0 | R10W50: 29.4
R15W35: 44.6 | R15W45: 37.5 |"
78,R0W50: 27.3,"28-day:
R0W35: 31.0 | R0W45: 26.0 | R0W50: 23.6
R10W35: 37.8 | R10W45: 35.0 | R10W50: 29.4
R15W35: 44.6 | R15W45: 37.5 |"
78,R0W45: 41.4,"28-day:
R0W35: 31.0 | R0W45: 26.0 | R0W50: 23.6
R10W35: 37.8 | R10W45: 35.0 | R10W50: 29.4
R15W35: 44.6 | R15W45: 37.5 |"
78,R0W50: 34.2,"28-day:
R0W35: 31.0 | R0W45: 26.0 | R0W50: 23.6
R10W35: 37.8 | R10W45: 35.0 | R10W50: 29.4
R15W35: 44.6 | R15W45: 37.5 |"
78,R0W45: 53.7,"28-day:
R0W35: 31.0 | R0W45: 26.0 | R0W50: 23.6
R10W35: 37.8 | R10W45: 35.0 | R10W50: 29.4
R15W35: 44.6 | R15W45: 37.5 |"
78,R0W50: 40.6,"28-day:
R0W35: 31.0 | R0W45: 26.0 | R0W50: 23.6
R10W35: 37.8 | R10W45: 35.0 | R10W50: 29.4
R15W35: 44.6 | R15W45: 37.5 |"
