paper_id,replacement_pct,age_days,strength_mpa,is_range
0,7.0,3.0,20.0,False
0,10.0,3.0,20.0,False
0,15.0,3.0,20.0,False
0,7.0,7.0,29.5,False
0,10.0,7.0,30.5,False
0,15.0,7.0,31.0,False
0,7.0,28.0,44.5,False
0,10.0,28.0,46.0,False
0,15.0,28.0,47.5,False
0,7.0,56.0,52.5,False
0,10.0,56.0,54.0,False
0,15.0,56.0,56.0,False
0,7.0,90.0,54.5,False
0,10.0,90.0,55.5,False
0,15.0,90.0,58.4,False
1,10.0,3.0,46.2,False
1,10.0,7.0,56.0,False
1,10.0,28.0,68.1,False
1,10.0,150.0,71.1,False
1,20.0,3.0,35.3,False
1,20.0,7.0,46.8,False
1,20.0,28.0,57.3,False
1,20.0,150.0,57.4,False
1,30.0,3.0,31.5,False
1,30.0,7.0,39.3,False
1,30.0,28.0,47.7,False
1,30.0,150.0,48.8,False
1,10.0,3.0,47.0,False
1,10.0,7.0,61.0,False
1,10.0,28.0,71.0,False
1,10.0,150.0,72.4,False
1,20.0,3.0,46.7,False
1,20.0,7.0,56.0,False
1,20.0,28.0,70.2,False
1,20.0,150.0,70.3,False
1,30.0,3.0,43.1,False
1,30.0,7.0,51.7,False
1,30.0,28.0,63.0,False
1,30.0,150.0,63.2,False
1,30.0,7.0,36.6,False
1,30.0,28.0,46.3,False
1,30.0,150.0,56.0,False
1,10.0,7.0,32.9,False
1,10.0,28.0,43.3,False
1,20.0,7.0,26.3,False
1,20.0,28.0,36.7,False
1,30.0,7.0,24.2,False
1,30.0,28.0,31.0,False
1,10.0,7.0,35.7,False
1,10.0,28.0,45.7,False
1,20.0,7.0,33.8,False
1,20.0,28.0,45.0,False
1,30.0,7.0,32.5,False
1,30.0,28.0,39.7,False
4,5.0,1.0,5.0,False
4,5.0,3.0,5.0,False
4,5.0,7.0,5.0,False
4,5.0,28.0,5.0,False
4,5.0,14.0,5.0,False
4,5.0,90.0,5.0,False
6,0.0,3.0,16.5,False
6,0.0,7.0,30.2,False
6,0.0,28.0,40.3,False
6,0.0,90.0,50.3,False
6,7.0,3.0,16.8,False
6,7.0,7.0,32.4,False
6,7.0,28.0,42.8,False
6,7.0,90.0,54.4,False
6,10.0,3.0,17.6,False
6,10.0,7.0,32.6,False
6,10.0,28.0,44.2,False
6,10.0,90.0,59.0,False
6,15.0,3.0,17.9,False
6,15.0,7.0,34.2,False
6,15.0,28.0,46.9,False
6,15.0,90.0,63.2,False
8,5.0,28.0,40.2,False
8,5.0,56.0,43.1,False
8,5.0,90.0,45.0,False
8,5.0,180.0,48.6,False
8,10.0,28.0,33.9,False
8,10.0,56.0,37.4,False
8,10.0,90.0,40.0,False
8,10.0,180.0,42.7,False
8,15.0,28.0,34.4,False
8,15.0,56.0,38.6,False
8,15.0,90.0,41.1,False
8,15.0,180.0,43.5,False
8,20.0,28.0,36.3,False
8,20.0,56.0,40.3,False
8,20.0,90.0,42.3,False
8,20.0,180.0,45.0,False
8,5.0,28.0,41.5,False
8,5.0,56.0,46.5,False
8,5.0,90.0,49.0,False
8,5.0,180.0,51.6,False
8,10.0,28.0,41.8,False
8,10.0,56.0,47.8,False
8,10.0,90.0,50.5,False
8,10.0,180.0,52.8,False
8,15.0,28.0,36.3,False
8,15.0,56.0,40.7,False
8,15.0,90.0,42.7,False
8,15.0,180.0,45.0,False
8,20.0,28.0,33.8,False
8,20.0,56.0,37.4,False
8,20.0,90.0,40.0,False
8,20.0,180.0,42.7,False
8,10.0,28.0,44.0,False
8,10.0,56.0,49.0,False
8,10.0,90.0,52.0,False
8,10.0,180.0,52.0,False
8,10.0,28.0,49.0,False
8,10.0,56.0,55.5,False
8,10.0,90.0,57.0,False
8,10.0,180.0,58.0,False
11,0.0,1.0,46.0,True
13,0.0,7.0,30.5,False
13,0.0,7.0,20.5,False
13,0.0,28.0,41.0,False
13,0.0,28.0,29.0,False
14,10.0,1.0,41.0,False
14,10.0,3.0,59.0,False
14,10.0,7.0,62.0,False
14,10.0,14.0,63.0,False
14,10.0,28.0,66.0,False
14,10.0,56.0,69.0,False
14,10.0,91.0,74.0,False
14,30.0,1.0,30.0,False
14,10.0,3.0,50.0,False
14,10.0,7.0,46.0,False
14,10.0,14.0,54.0,False
14,10.0,28.0,56.0,False
14,10.0,56.0,60.0,False
14,10.0,91.0,67.0,False
14,10.0,1.0,27.0,False
14,10.0,3.0,47.0,False
14,10.0,7.0,41.0,False
14,10.0,14.0,52.0,False
14,10.0,28.0,61.0,False
14,10.0,56.0,62.0,False
14,20.0,1.0,26.0,False
14,20.0,3.0,38.0,False
14,20.0,7.0,47.0,False
14,20.0,14.0,52.0,False
14,20.0,28.0,60.0,False
14,20.0,56.0,61.0,False
14,20.0,91.0,69.0,False
14,30.0,1.0,19.0,False
14,30.0,3.0,32.0,False
14,30.0,7.0,43.0,False
14,30.0,14.0,51.0,False
14,30.0,28.0,54.0,False
14,30.0,56.0,60.0,False
14,30.0,91.0,64.0,False
14,10.0,1.0,16.0,False
14,10.0,3.0,26.0,False
14,10.0,7.0,37.0,False
14,10.0,14.0,40.0,False
14,10.0,28.0,47.0,False
14,10.0,56.0,51.0,False
14,10.0,91.0,56.0,False
15,0.0,7.0,37.2,False
15,5.0,7.0,35.34,False
15,10.0,7.0,34.12,False
15,15.0,7.0,30.36,False
15,0.0,28.0,50.8,False
15,5.0,28.0,48.26,False
15,10.0,28.0,44.72,False
15,15.0,28.0,43.18,False
15,0.0,90.0,51.74,False
15,5.0,90.0,49.15,False
15,10.0,90.0,47.08,False
15,15.0,90.0,45.04,False
15,0.0,7.0,48.31,False
15,5.0,7.0,42.0,False
15,10.0,7.0,38.4,False
15,15.0,7.0,37.37,False
15,0.0,28.0,59.37,False
15,5.0,28.0,56.4,False
15,10.0,28.0,53.43,False
15,15.0,28.0,50.46,False
15,0.0,90.0,62.5,False
15,5.0,90.0,58.36,False
15,10.0,90.0,56.4,False
15,15.0,90.0,52.5,False
16,0.0,28.0,35.4,False
16,0.0,90.0,43.5,False
16,0.0,270.0,46.0,False
16,0.0,360.0,47.0,False
16,5.0,28.0,33.6,False
16,10.0,28.0,32.4,False
16,15.0,28.0,32.1,False
16,15.0,90.0,42.5,False
16,15.0,270.0,46.4,False
16,15.0,360.0,47.5,False
16,20.0,28.0,30.8,False
16,20.0,90.0,41.7,False
16,20.0,270.0,46.7,False
16,20.0,360.0,47.8,False
16,25.0,28.0,29.7,False
16,25.0,90.0,38.5,False
16,25.0,270.0,45.6,False
16,25.0,360.0,43.7,False
16,30.0,28.0,26.6,False
17,10.0,3.0,134.5,False
17,10.0,7.0,152.0,False
17,10.0,28.0,165.0,False
17,10.0,91.0,178.0,False
17,20.0,3.0,122.0,False
17,20.0,7.0,143.0,False
17,20.0,28.0,175.0,False
17,20.0,91.0,186.0,False
17,10.0,3.0,123.0,False
17,10.0,28.0,170.0,False
17,10.0,91.0,194.0,False
17,10.0,3.0,135.5,False
17,10.0,7.0,159.5,False
17,10.0,28.0,185.5,False
17,10.0,91.0,205.5,False
17,10.0,3.0,105.0,False
17,10.0,7.0,136.0,False
17,10.0,91.0,171.5,False
17,10.0,3.0,85.5,False
17,10.0,7.0,118.5,False
17,10.0,28.0,154.0,False
17,10.0,91.0,167.0,False
17,20.0,1.0,96.0,False
17,20.0,3.0,147.0,False
17,20.0,7.0,155.0,False
17,20.0,28.0,180.0,False
17,20.0,91.0,205.0,False
17,20.0,1.0,81.0,False
17,20.0,1.0,80.0,False
17,20.0,3.0,102.0,False
17,20.0,7.0,135.0,False
17,20.0,28.0,161.0,False
17,20.0,91.0,178.0,False
17,20.0,1.0,51.0,False
17,20.0,3.0,96.0,False
17,20.0,7.0,115.0,False
17,20.0,28.0,134.0,False
17,20.0,91.0,156.0,False
19,15.0,28.0,33.3,False
19,15.0,28.0,30.3,False
21,0.0,3.0,13.4,False
21,0.0,3.0,16.08,False
21,0.0,7.0,21.34,False
21,25.0,3.0,5.97,False
21,25.0,3.0,8.31,False
21,25.0,3.0,10.86,False
21,25.0,3.0,15.38,False
21,40.0,3.0,4.28,False
21,40.0,3.0,6.57,False
21,40.0,3.0,8.52,False
21,40.0,3.0,11.46,False
21,50.0,3.0,4.68,False
21,50.0,3.0,3.06,False
21,50.0,3.0,6.72,False
21,50.0,3.0,8.92,False
21,0.0,7.0,13.4,False
21,0.0,7.0,16.08,False
21,25.0,7.0,12.27,False
21,25.0,7.0,15.28,False
21,25.0,7.0,21.1,False
21,40.0,7.0,9.79,False
21,40.0,7.0,12.06,False
21,40.0,7.0,17.1,False
21,0.0,70.0,42.0,True
21,25.0,70.0,47.0,True
21,30.0,70.0,45.0,True
21,40.0,70.0,41.0,True
21,0.0,70.0,20.0,True
21,25.0,70.0,21.5,True
21,30.0,70.0,20.5,True
21,40.0,70.0,19.0,True
22,0.0,7.0,27.0,False
22,10.0,7.0,18.0,False
22,20.0,7.0,14.0,False
22,30.0,7.0,11.0,False
22,40.0,7.0,9.0,False
22,0.0,28.0,38.8,False
22,10.0,28.0,32.0,False
22,20.0,28.0,24.0,False
22,30.0,28.0,20.0,False
22,40.0,28.0,17.0,False
22,0.0,56.0,42.0,False
22,10.0,56.0,36.0,False
22,20.0,56.0,30.0,False
22,30.0,56.0,25.0,False
22,40.0,56.0,22.0,False
22,0.0,90.0,44.0,False
22,10.0,90.0,39.0,False
22,20.0,90.0,33.0,False
22,30.0,90.0,29.0,False
22,40.0,90.0,26.0,False
22,0.0,7.0,29.0,False
22,10.0,7.0,20.0,False
22,20.0,7.0,16.0,False
22,30.0,7.0,14.0,False
22,40.0,7.0,13.0,False
22,0.0,28.0,41.0,False
22,10.0,28.0,34.0,False
22,20.0,28.0,29.0,False
22,30.0,28.0,25.0,False
22,40.0,28.0,23.0,False
22,0.0,56.0,45.0,False
22,10.0,56.0,39.0,False
22,20.0,56.0,34.5,False
22,30.0,56.0,31.0,False
22,40.0,56.0,28.0,False
22,0.0,90.0,47.0,False
22,10.0,90.0,42.5,False
22,20.0,90.0,38.0,False
22,30.0,90.0,35.0,False
22,40.0,90.0,32.0,False
22,40.0,7.0,11.0,False
22,0.0,28.0,39.0,False
22,40.0,28.0,20.0,False
22,0.0,56.0,43.0,False
22,20.0,56.0,35.0,False
22,40.0,56.0,26.0,False
22,0.0,90.0,45.0,False
22,10.0,90.0,41.5,False
22,30.0,90.0,33.0,False
22,40.0,90.0,29.0,False
24,10.0,7.0,12.0,False
24,10.0,14.0,14.0,False
24,10.0,21.0,18.0,False
24,10.0,28.0,22.0,False
24,20.0,7.0,11.0,False
24,20.0,14.0,13.0,False
24,20.0,21.0,18.0,False
24,20.0,28.0,20.0,False
24,10.0,7.0,10.0,False
24,25.0,14.0,12.0,False
24,25.0,21.0,14.0,False
24,25.0,28.0,19.0,False
27,0.0,3.0,24.0,False
27,0.0,7.0,37.0,False
27,0.0,28.0,50.0,False
27,5.0,3.0,21.0,False
27,5.0,7.0,37.0,False
27,5.0,28.0,49.0,False
27,10.0,3.0,22.0,False
27,10.0,7.0,36.0,False
27,10.0,28.0,48.0,False
27,15.0,3.0,12.0,False
27,15.0,7.0,23.0,False
27,15.0,28.0,33.0,False
27,20.0,3.0,4.0,False
27,20.0,7.0,9.0,False
27,20.0,28.0,17.0,False
27,25.0,3.0,1.0,False
27,25.0,7.0,4.0,False
27,25.0,28.0,9.0,False
27,30.0,3.0,1.0,False
27,30.0,7.0,4.0,False
27,30.0,28.0,6.0,False
28,10.0,2.0,22.0,False
28,10.0,7.0,34.6,False
28,10.0,28.0,47.8,False
28,10.0,90.0,57.9,False
28,20.0,2.0,18.9,False
28,20.0,7.0,31.8,False
28,20.0,28.0,40.8,False
28,20.0,90.0,55.7,False
28,30.0,2.0,14.9,False
28,30.0,7.0,24.8,False
28,30.0,28.0,39.7,False
28,30.0,90.0,48.1,False
28,10.0,2.0,21.0,False
28,10.0,7.0,33.8,False
28,10.0,28.0,44.4,False
28,10.0,90.0,58.5,False
28,20.0,2.0,18.8,False
28,20.0,7.0,31.3,False
28,20.0,28.0,44.7,False
28,20.0,90.0,57.2,False
28,30.0,2.0,15.5,False
28,30.0,7.0,25.3,False
28,30.0,28.0,39.8,False
28,30.0,90.0,48.5,False
28,10.0,2.0,20.5,False
28,10.0,7.0,36.4,False
28,10.0,28.0,50.7,False
28,20.0,7.0,32.3,False
28,20.0,28.0,49.5,False
28,30.0,2.0,16.1,False
28,30.0,7.0,28.3,False
28,30.0,28.0,47.3,False
28,10.0,2.0,22.8,False
28,10.0,7.0,38.2,False
28,10.0,28.0,53.8,False
28,20.0,2.0,19.8,False
28,20.0,7.0,33.6,False
28,20.0,28.0,51.4,False
28,30.0,2.0,17.1,False
28,30.0,7.0,30.1,False
28,30.0,28.0,48.8,False
30,0.0,7.0,17.51,False
30,5.0,7.0,16.88,False
30,10.0,7.0,12.01,False
30,15.0,7.0,11.24,False
30,20.0,7.0,10.86,False
30,25.0,7.0,7.95,False
30,0.0,14.0,21.6,False
30,5.0,14.0,17.44,False
30,10.0,14.0,12.83,False
30,15.0,14.0,12.55,False
30,20.0,14.0,11.51,False
30,25.0,14.0,8.98,False
30,0.0,28.0,29.15,False
30,5.0,28.0,27.68,False
30,10.0,28.0,20.88,False
30,15.0,28.0,18.7,False
30,20.0,28.0,18.59,False
30,25.0,28.0,13.29,False
33,10.0,28.0,39.2,False
35,5.0,7.0,14.3,False
35,10.0,7.0,15.6,False
35,15.0,7.0,12.9,False
35,20.0,7.0,11.5,False
35,5.0,14.0,18.4,False
35,10.0,14.0,19.5,False
35,15.0,14.0,15.9,False
35,20.0,14.0,12.4,False
35,0.0,28.0,27.0,False
35,5.0,28.0,24.8,False
35,10.0,28.0,29.3,False
35,15.0,28.0,17.6,False
35,20.0,28.0,16.03,False
36,0.0,1.0,125.0,True
36,0.0,3.0,135.0,True
36,0.0,28.0,160.0,True
36,0.0,91.0,172.0,True
36,10.0,1.0,135.0,True
36,10.0,3.0,152.0,True
36,10.0,28.0,165.0,True
36,10.0,91.0,178.0,True
36,20.0,1.0,120.0,True
36,20.0,3.0,141.0,True
36,20.0,28.0,175.0,True
36,20.0,91.0,186.0,True
38,0.0,7.0,22.5,False
38,0.0,28.0,32.8,False
38,0.0,56.0,36.5,False
38,5.0,7.0,23.4,False
38,5.0,28.0,34.2,False
38,5.0,56.0,39.0,False
38,10.0,7.0,24.3,False
38,10.0,28.0,36.1,False
38,10.0,56.0,41.4,False
38,15.0,7.0,22.5,False
38,15.0,28.0,35.3,False
38,15.0,56.0,39.9,False
38,20.0,7.0,20.8,False
38,20.0,28.0,33.1,False
38,20.0,56.0,38.0,False
38,10.0,7.0,23.4,False
38,10.0,28.0,35.8,False
38,10.0,56.0,40.8,False
38,5.0,7.0,24.5,False
38,5.0,28.0,38.0,False
38,5.0,56.0,43.0,False
38,10.0,7.0,25.8,False
38,10.0,28.0,40.0,False
38,10.0,56.0,46.8,False
38,15.0,7.0,24.1,False
38,15.0,28.0,38.5,False
38,15.0,56.0,44.0,False
38,20.0,7.0,21.3,False
38,20.0,28.0,36.3,False
38,20.0,56.0,42.2,False
39,0.0,7.0,33.24,False
39,5.0,7.0,5.0,False
39,10.0,7.0,10.0,False
39,15.0,7.0,15.0,False
39,20.0,7.0,20.0,False
39,0.0,28.0,47.47,False
39,5.0,28.0,5.0,False
39,10.0,28.0,10.0,False
39,15.0,28.0,15.0,False
39,20.0,28.0,20.0,False
40,20.0,100.0,50.0,True
42,0.0,7.0,50.84,False
42,0.0,28.0,83.36,False
42,5.0,7.0,51.92,False
42,5.0,28.0,85.12,False
42,10.0,7.0,53.0,False
42,10.0,28.0,86.9,False
42,15.0,7.0,56.43,False
42,15.0,28.0,92.51,False
42,20.0,7.0,56.67,False
42,20.0,28.0,93.28,False
42,25.0,7.0,54.35,False
42,25.0,28.0,89.1,False
48,0.0,7.0,23.5,False
48,5.0,7.0,24.0,False
48,10.0,7.0,24.5,False
48,15.0,7.0,22.5,False
48,20.0,7.0,21.5,False
48,0.0,14.0,26.8,False
48,5.0,14.0,28.2,False
48,10.0,14.0,29.4,False
48,15.0,14.0,25.6,False
48,20.0,14.0,23.6,False
48,0.0,28.0,31.8,False
48,5.0,28.0,33.9,False
48,10.0,28.0,35.6,False
48,15.0,28.0,30.4,False
48,20.0,28.0,25.9,False
49,0.0,7.0,27.8,False
49,5.0,7.0,26.6,False
49,7.5,7.0,28.3,False
49,10.0,7.0,27.3,False
49,12.5,7.0,26.2,False
49,15.0,7.0,25.9,False
49,0.0,28.0,41.7,False
49,5.0,28.0,39.9,False
49,7.5,28.0,42.45,False
49,10.0,28.0,40.95,False
49,12.5,28.0,39.3,False
49,15.0,28.0,38.85,False
50,0.0,7.0,32.808,False
50,0.0,28.0,40.228,False
50,5.0,7.0,31.192,False
50,5.0,28.0,35.48,False
50,10.0,7.0,33.972,False
50,10.0,28.0,52.768,False
50,15.0,7.0,24.448,False
50,15.0,28.0,35.576,False
50,20.0,7.0,20.184,False
50,20.0,28.0,13.128,False
53,0.0,3.0,40.5,False
53,0.0,7.0,50.2,False
53,0.0,28.0,69.8,False
53,5.0,3.0,42.1,False
53,5.0,7.0,51.5,False
53,5.0,28.0,70.5,False
53,10.0,3.0,43.8,False
53,10.0,7.0,53.2,False
53,10.0,28.0,73.1,False
53,15.0,3.0,45.2,False
53,15.0,7.0,55.0,False
53,15.0,28.0,77.7,False
54,10.0,3.0,28.7,False
54,10.0,7.0,48.4,False
54,10.0,28.0,56.3,False
54,5.0,28.0,43.1,False
54,10.0,28.0,59.68,False
54,15.0,28.0,54.55,False
57,10.0,28.0,50.0,True
57,20.0,28.0,59.5,True
57,40.0,28.0,64.5,True
57,10.0,28.0,57.5,True
57,20.0,28.0,59.0,True
57,40.0,28.0,48.0,True
57,10.0,28.0,58.0,True
57,20.0,28.0,56.0,True
57,40.0,28.0,52.5,True
57,10.0,28.0,53.0,True
57,20.0,28.0,52.5,True
57,40.0,28.0,50.0,True
57,10.0,56.0,50.0,True
57,20.0,56.0,60.5,True
57,40.0,56.0,63.5,True
57,10.0,56.0,58.0,True
57,20.0,56.0,56.5,True
57,40.0,56.0,60.5,True
57,10.0,56.0,59.5,True
57,40.0,56.0,55.0,True
57,10.0,56.0,54.0,True
57,20.0,56.0,53.5,True
57,40.0,56.0,52.0,True
58,8.0,3.0,55.51,False
58,12.0,3.0,54.46,False
58,8.0,3.0,50.47,False
58,12.0,3.0,52.17,False
58,10.0,3.0,50.9,False
58,8.0,7.0,62.05,False
58,12.0,7.0,63.12,False
58,8.0,7.0,54.29,False
58,12.0,7.0,57.32,False
58,10.0,7.0,54.4,False
58,8.0,28.0,67.68,False
58,12.0,28.0,67.7,False
58,8.0,28.0,62.53,False
58,12.0,28.0,61.01,False
58,10.0,28.0,57.98,False
58,8.0,91.0,72.24,False
58,12.0,91.0,72.69,False
58,8.0,91.0,68.59,False
58,12.0,91.0,73.12,False
58,10.0,91.0,68.79,False
59,25.0,3.0,25.0,False
59,25.0,28.0,25.0,False
59,50.0,28.0,50.0,False
59,100.0,28.0,100.0,False
61,0.0,28.0,42.2,False
61,5.0,28.0,38.45,False
61,7.5,28.0,43.45,False
61,10.0,28.0,40.9,False
61,12.5,28.0,39.6,False
61,15.0,28.0,38.6,False
61,0.0,7.0,28.2,False
61,5.0,7.0,27.5,False
61,7.5,7.0,28.5,False
61,10.0,7.0,27.9,False
61,12.5,7.0,26.0,False
61,15.0,7.0,25.6,False
63,15.0,3.0,15.0,False
63,25.0,3.0,25.0,False
63,40.0,3.0,40.0,False
63,15.0,28.0,15.0,False
63,25.0,28.0,25.0,False
63,40.0,28.0,40.0,False
64,0.0,7.0,13.7,False
64,0.0,14.0,16.4,False
64,0.0,21.0,22.7,False
64,0.0,28.0,26.9,False
64,5.0,7.0,13.5,False
64,5.0,14.0,16.2,False
64,5.0,21.0,22.4,False
64,5.0,28.0,26.6,False
64,10.0,7.0,13.6,False
64,10.0,14.0,16.4,False
64,10.0,21.0,22.7,False
64,10.0,28.0,26.8,False
64,15.0,7.0,12.8,False
64,15.0,14.0,15.6,False
64,15.0,21.0,21.2,False
64,15.0,28.0,24.8,False
64,20.0,7.0,11.8,False
64,20.0,14.0,14.1,False
64,20.0,21.0,18.1,False
64,20.0,28.0,23.1,False
64,25.0,7.0,10.4,False
64,25.0,14.0,13.1,False
64,25.0,21.0,16.4,False
64,25.0,28.0,21.2,False
64,30.0,7.0,9.8,False
64,30.0,14.0,11.4,False
64,30.0,21.0,13.8,False
64,30.0,28.0,16.8,False
65,0.0,7.0,16.3,True
65,5.0,7.0,16.8,True
65,10.0,7.0,17.2,True
65,15.0,7.0,17.8,True
65,20.0,7.0,16.5,True
65,25.0,7.0,15.8,True
65,0.0,14.0,23.3,True
65,5.0,14.0,22.8,True
65,10.0,14.0,24.5,True
65,15.0,14.0,25.5,True
65,20.0,14.0,23.5,True
65,25.0,14.0,22.7,True
65,0.0,28.0,26.0,True
65,5.0,28.0,26.5,True
65,10.0,28.0,27.2,True
65,15.0,28.0,28.0,True
65,20.0,28.0,26.1,True
65,25.0,28.0,25.2,True
67,0.0,56.0,67.05,False
67,5.0,56.0,69.13,False
67,10.0,56.0,71.85,False
67,15.0,56.0,65.35,False
67,20.0,56.0,63.77,False
68,15.0,28.0,21.0,False
69,2.5,7.0,2.5,False
69,5.0,7.0,5.0,False
69,7.5,7.0,7.5,False
69,10.0,7.0,10.0,False
69,2.5,14.0,2.5,False
69,5.0,14.0,5.0,False
69,7.5,14.0,7.5,False
69,10.0,14.0,10.0,False
69,2.5,28.0,2.5,False
69,5.0,28.0,5.0,False
69,7.5,28.0,7.5,False
69,10.0,28.0,10.0,False
69,2.5,91.0,2.5,False
69,5.0,91.0,5.0,False
69,7.5,91.0,7.5,False
69,10.0,91.0,10.0,False
72,0.0,28.0,33.905,True
72,5.0,28.0,31.835,True
72,10.0,28.0,33.94,True
72,20.0,28.0,34.675,True
72,30.0,28.0,35.665,True
72,0.0,28.0,54.0,False
72,5.0,28.0,55.4,False
72,10.0,28.0,62.3,False
72,20.0,28.0,60.2,False
72,0.0,200.0,24.25,True
72,5.0,200.0,15.7,True
72,10.0,200.0,17.2,True
74,0.0,7.0,20.25,False
74,0.0,14.0,28.45,False
74,0.0,28.0,33.45,False
74,5.0,7.0,21.23,False
74,5.0,14.0,29.25,False
74,5.0,28.0,34.5,False
74,10.0,7.0,22.23,False
74,10.0,14.0,30.78,False
74,10.0,28.0,35.7,False
74,15.0,7.0,23.72,False
74,15.0,14.0,32.85,False
74,15.0,28.0,37.12,False
74,20.0,7.0,21.25,False
74,20.0,14.0,29.85,False
74,20.0,28.0,34.9,False
76,7.0,10.0,22.0,False
76,7.0,10.0,20.0,False
76,14.0,10.0,25.0,False
76,14.0,10.0,23.5,False
76,14.0,10.0,21.5,False
76,7.0,20.0,29.0,False
76,7.0,20.0,26.0,False
76,14.0,20.0,31.0,False
76,14.0,20.0,28.0,False
76,14.0,20.0,26.0,False
76,7.0,30.0,35.7,False
76,7.0,30.0,32.0,False
76,7.0,30.0,30.0,False
76,14.0,30.0,36.5,False
76,14.0,30.0,32.0,False
76,14.0,30.0,30.0,False
78,0.0,28.0,31.0,False
78,10.0,28.0,37.8,False
78,10.0,28.0,10.0,False
78,15.0,28.0,44.6,False
78,15.0,28.0,15.0,False
78,20.0,28.0,41.8,False
78,20.0,28.0,20.0,False
78,0.0,56.0,45.6,False
78,10.0,56.0,52.4,False
78,10.0,56.0,10.0,False
78,15.0,56.0,54.4,False
78,15.0,56.0,15.0,False
78,20.0,56.0,48.2,False
78,20.0,56.0,20.0,False
78,0.0,90.0,47.1,False
78,10.0,90.0,59.3,False
78,10.0,90.0,10.0,False
78,15.0,90.0,61.0,False
78,15.0,90.0,15.0,False
78,20.0,90.0,56.8,False
78,20.0,90.0,20.0,False
78,0.0,120.0,58.1,False
78,10.0,120.0,65.2,False
78,10.0,120.0,10.0,False
78,15.0,120.0,68.0,False
78,15.0,120.0,15.0,False
78,20.0,120.0,63.5,False
78,20.0,120.0,20.0,False
